rollout/exploration_rate,time/fps,time/episodes,time/time_elapsed,time/total_timesteps,rollout/ep_rew_mean,rollout/ep_len_mean,train/n_updates,train/loss,train/learning_rate
0.8949775000000001,141,4,0,49,,,,,
0.8912875000000001,169,8,0,85,4.0,310.0,,,
0.8880075,184,12,0,117,3.0,288.0,,,
0.8859575,185,16,0,137,2.0,249.0,,,
0.8829850000000001,193,20,0,166,1.75,240.25,,,
0.8795,202,24,0,200,1.75,240.25,,,
0.875605,208,28,1,238,1.8,234.2,,,
0.87376,207,32,1,256,1.8333333333333333,233.83333333333334,,,
0.8705825,208,36,1,287,1.7142857142857142,230.42857142857142,,,
0.86761,211,40,1,316,1.625,228.625,,,
0.8657649999999999,211,44,1,334,1.625,228.625,,,
0.8637149999999999,210,48,1,354,1.4444444444444444,220.11111111111111,,,
0.8609475,211,52,1,381,1.4,218.3,,,
0.8570525,213,56,1,419,1.4545454545454546,220.1818181818182,,,
0.8532599999999999,216,60,2,456,1.5,222.16666666666666,,,
0.8512099999999999,216,64,2,476,1.5,222.16666666666666,,,
0.8450599999999999,221,68,2,536,1.3846153846153846,217.46153846153845,,,
0.8430099999999999,219,72,2,556,1.5714285714285714,225.07142857142858,,,
0.8398325000000001,220,76,2,587,1.5333333333333334,224.66666666666666,,,
0.8359375,222,80,2,625,1.5625,226.0,,,
0.8320425,224,84,2,663,1.5625,226.0,,,
0.8299925,223,88,3,683,1.588235294117647,226.0,,,
0.8260974999999999,225,92,3,721,1.5,222.83333333333334,,,
0.8195375,228,96,3,785,1.736842105263158,232.47368421052633,,,
0.8156425,229,100,3,823,1.75,232.7,,,
0.8103125000000001,231,104,3,875,1.75,232.7,,,
0.8084675000000001,230,108,3,893,1.8571428571428572,235.66666666666666,,,
0.80365,230,112,4,940,1.8181818181818181,234.77272727272728,,,
0.8018049999999999,229,116,4,958,1.826086956521739,234.69565217391303,,,
0.79832,230,120,4,992,1.8333333333333333,234.625,,,
0.79627,229,124,4,1012,1.8333333333333333,234.625,2,0.5938930511474609,0.0008
0.7935024999999999,227,128,4,1039,1.76,231.44,9,0.01146368496119976,0.0008
0.7879675,226,132,4,1093,1.7307692307692308,230.15384615384616,23,0.03052607923746109,0.0008
0.7854050000000001,225,136,4,1118,1.8148148148148149,233.25925925925927,29,0.01704021915793419,0.0008
0.7812025000000001,224,140,5,1159,1.8214285714285714,233.42857142857142,39,0.0014471239410340786,0.0008
0.7768974999999999,223,144,5,1201,1.8214285714285714,233.42857142857142,50,0.016576077789068222,0.0008
0.7694150000000001,223,148,5,1274,1.8620689655172413,235.3793103448276,68,0.01595926098525524,0.0008
0.766135,221,152,5,1306,1.9666666666666666,240.33333333333334,76,0.04622771590948105,0.0008
0.7622399999999999,220,156,6,1344,1.967741935483871,239.96774193548387,85,0.029851963743567467,0.0008
0.7594725,218,160,6,1371,1.9375,238.4375,92,0.016118556261062622,0.0008
0.7576275,218,164,6,1389,1.9375,238.4375,97,0.016420386731624603,0.0008
0.7555775,216,168,6,1409,1.878787878787879,235.75757575757575,102,0.018563102930784225,0.0008
0.7507600000000001,215,172,6,1456,1.8823529411764706,236.11764705882354,113,0.01958025060594082,0.0008
0.7462500000000001,215,176,6,1500,1.9142857142857144,238.54285714285714,124,0.028334835544228554,0.0008
0.7425600000000001,214,180,7,1536,1.9166666666666667,238.36111111111111,133,0.01751067116856575,0.0008
0.74051,213,184,7,1556,1.9166666666666667,238.36111111111111,138,0.02004147879779339,0.0008
0.7356925000000001,213,188,7,1603,1.864864864864865,236.24324324324326,150,0.03195764124393463,0.0008
0.7326175,212,192,7,1633,1.9210526315789473,238.52631578947367,158,0.01672413945198059,0.0008
0.7287224999999999,212,196,7,1671,1.8974358974358974,237.7948717948718,167,0.018030626699328423,0.0008
0.724725,211,200,8,1710,1.925,238.95,177,0.0034664086997509003,0.0008
0.722675,210,204,8,1730,1.925,238.95,182,0.04558369517326355,0.0008
0.7201125,210,208,8,1755,1.8780487804878048,237.0731707317073,188,0.004962174221873283,0.0008
0.7164225,209,212,8,1791,1.8571428571428572,235.9047619047619,197,0.02181887812912464,0.0008
0.7143725,208,216,8,1811,1.8604651162790697,235.65116279069767,202,0.05478313937783241,0.0008
0.7106824999999999,208,220,8,1847,1.8636363636363635,235.79545454545453,211,0.019098345190286636,0.0008
0.7086324999999999,208,224,8,1867,1.8636363636363635,235.79545454545453,216,0.03693621978163719,0.0008
0.7065824999999999,207,228,9,1887,1.8222222222222222,234.53333333333333,221,0.007862523198127747,0.0008
0.7026875000000001,206,232,9,1925,1.826086956521739,234.7608695652174,231,0.043134670704603195,0.0008
0.699715,206,236,9,1954,1.8085106382978724,233.95744680851064,238,0.04558832198381424,0.0008
0.6946925000000002,206,240,9,2003,1.8333333333333333,234.91666666666666,250,0.00394773855805397,0.0008
0.6902849999999999,206,244,9,2046,1.8333333333333333,234.91666666666666,261,0.0068471189588308334,0.0008
0.6882350000000002,205,248,10,2066,1.836734693877551,235.30612244897958,266,0.041882723569869995,0.0008
0.6843400000000001,205,252,10,2104,1.8,233.68,275,0.019518084824085236,0.0008
0.6827000000000001,204,256,10,2120,1.803921568627451,233.68627450980392,279,0.01997983828186989,0.0008
0.67901,203,260,10,2156,1.8076923076923077,233.98076923076923,288,0.03649751842021942,0.0008
0.67696,203,264,10,2176,1.8076923076923077,233.98076923076923,293,0.01840745285153389,0.0008
0.6734749999999999,203,268,10,2210,1.7924528301886793,233.32075471698113,302,0.020222270861268044,0.0008
0.6714249999999999,202,272,10,2230,1.7777777777777777,232.37037037037038,307,0.024179980158805847,0.0008
0.66466,203,276,11,2296,1.8,233.52727272727273,323,0.04022902995347977,0.0008
0.660355,202,280,11,2338,1.8214285714285714,234.64285714285714,334,0.01989624835550785,0.0008
0.658305,202,284,11,2358,1.8214285714285714,234.64285714285714,339,0.05988064408302307,0.0008
0.6532825000000001,202,288,11,2407,1.8070175438596492,234.2982456140351,351,0.03626750037074089,0.0008
0.6514375000000001,201,292,12,2425,1.8103448275862069,234.20689655172413,356,0.0382428914308548,0.0008
0.6448775000000001,202,296,12,2489,1.847457627118644,235.864406779661,372,0.036844074726104736,0.0008
0.6391375000000001,202,300,12,2545,1.8666666666666667,237.36666666666667,386,0.03583965077996254,0.0008
0.6354474999999999,202,304,12,2581,1.8666666666666667,237.36666666666667,395,0.06447464972734451,0.0008
0.6312450000000001,201,308,12,2622,1.8688524590163935,237.31147540983608,405,0.020577682182192802,0.0008
0.6270425000000001,201,312,13,2663,1.8870967741935485,237.8548387096774,415,0.019433312118053436,0.0008
0.6206875000000001,201,316,13,2725,1.9206349206349207,239.38095238095238,431,0.027341261506080627,0.0008
0.6166900000000001,201,320,13,2764,1.953125,240.453125,440,0.015298796817660332,0.0008
0.612795,201,324,13,2802,1.953125,240.453125,450,0.04288918524980545,0.0008
0.6089,201,328,14,2840,1.9538461538461538,240.2923076923077,459,0.019570542499423027,0.0008
0.60685,201,332,14,2860,1.9545454545454546,240.45454545454547,464,0.0026821165811270475,0.0008
0.6029549999999999,200,336,14,2898,1.9253731343283582,239.29850746268656,474,0.0020942226983606815,0.0008
0.600085,200,340,14,2926,1.9411764705882353,239.9558823529412,481,0.033683452755212784,0.0008
0.5980350000000001,200,344,14,2946,1.9411764705882353,239.9558823529412,486,0.024138618260622025,0.0008
0.5952675000000001,200,348,14,2973,1.9130434782608696,238.9855072463768,493,0.03534737601876259,0.0008
0.5934225000000001,199,352,14,2991,1.9,238.22857142857143,497,0.019942661747336388,0.0008
0.5897325,199,356,15,3027,1.9014084507042253,238.3943661971831,506,0.03160721808671951,0.0008
0.5862475,198,360,15,3061,1.9027777777777777,238.40277777777777,515,0.019111206755042076,0.0008
0.5825575000000002,198,364,15,3097,1.9027777777777777,238.40277777777777,524,0.020867161452770233,0.0008
0.57979,198,368,15,3124,1.904109589041096,238.2054794520548,530,0.02491135336458683,0.0008
0.5779449999999999,198,372,15,3142,1.8918918918918919,237.9189189189189,535,0.03327833116054535,0.0008
0.57446,197,376,16,3176,1.8933333333333333,237.81333333333333,543,0.022745240479707718,0.0008
0.5706675000000001,197,380,16,3213,1.894736842105263,237.80263157894737,553,0.01952044665813446,0.0008
0.5657475,197,384,16,3261,1.894736842105263,237.80263157894737,565,0.05660475045442581,0.0008
0.5612375000000001,197,388,16,3305,1.9090909090909092,238.27272727272728,576,0.020111506804823875,0.0008
0.558265,197,392,16,3334,1.9102564102564104,238.65384615384616,583,0.041096270084381104,0.0008
0.5562150000000001,197,396,16,3354,1.8987341772151898,238.16455696202533,588,0.053661830723285675,0.0008
0.55478,196,400,17,3368,1.875,236.9,591,0.014625015668570995,0.0008
0.55273,196,404,17,3388,1.875,236.9,596,0.04967866837978363,0.0008
0.5499625000000001,196,408,17,3415,1.8518518518518519,236.11111111111111,603,0.022921821102499962,0.0008
0.5454525000000001,196,412,17,3459,1.8414634146341464,235.78048780487805,614,0.0440388023853302,0.0008
0.5425825,195,416,17,3487,1.855421686746988,236.6265060240964,621,0.024472106248140335,0.0008
0.5376625000000002,196,420,18,3535,1.869047619047619,237.10714285714286,633,0.04688567668199539,0.0008
0.5345875,196,424,18,3565,1.869047619047619,237.10714285714286,641,0.025956686586141586,0.0008
0.5316150000000001,195,428,18,3594,1.8588235294117648,236.63529411764705,648,0.01787891797721386,0.0008
0.5277200000000001,195,432,18,3632,1.8488372093023255,236.13953488372093,657,0.06131253391504288,0.0008
0.5237225000000001,195,436,18,3671,1.8735632183908046,237.183908045977,667,0.02384296804666519,0.0008
0.5209549999999998,195,440,18,3698,1.8636363636363635,236.79545454545453,674,0.04084876924753189,0.0008
0.5179825,195,444,19,3727,1.8636363636363635,236.79545454545453,681,0.05891990661621094,0.0008
0.5161374999999999,194,448,19,3745,1.853932584269663,236.31460674157304,686,0.02227936126291752,0.0008
0.5124475000000002,194,452,19,3781,1.8555555555555556,236.22222222222223,695,0.007540155667811632,0.0008
0.5083475000000002,194,456,19,3821,1.8461538461538463,235.74725274725276,705,0.039485715329647064,0.0008
0.5062974999999998,194,460,19,3841,1.8369565217391304,235.40217391304347,710,0.038781967014074326,0.0008
0.5020950000000002,194,464,19,3882,1.8369565217391304,235.40217391304347,720,0.025462429970502853,0.0008
0.5002499999999999,193,468,20,3900,1.8387096774193548,235.56989247311827,724,0.008497500792145729,0.0008
0.49635500000000005,193,472,20,3938,1.8191489361702127,234.7340425531915,734,0.051008909940719604,0.0008
0.493075,193,476,20,3970,1.831578947368421,235.30526315789473,742,0.035416800528764725,0.0008
0.4898974999999999,193,480,20,4001,1.8229166666666667,235.02083333333334,750,0.034611959010362625,0.0008
0.4880525000000001,193,484,20,4019,1.8229166666666667,235.02083333333334,754,0.02927592769265175,0.0008
0.4860025000000001,193,488,20,4039,1.8041237113402062,234.24742268041237,759,0.04258965328335762,0.0008
0.48303,192,492,21,4068,1.7857142857142858,233.6530612244898,766,0.016550632193684578,0.0008
0.479955,192,496,21,4098,1.7878787878787878,233.8080808080808,774,0.01953747123479843,0.0008
0.47606000000000004,192,500,21,4136,1.79,234.0,783,0.02237841486930847,0.0008
0.47237,192,504,21,4172,1.79,234.0,792,0.04361536726355553,0.0008
0.47031999999999996,192,508,21,4192,1.77,233.27,797,0.0014098467072471976,0.0008
0.46827,192,512,21,4212,1.75,232.44,802,0.016260802745819092,0.0008
0.46621999999999997,191,516,22,4232,1.75,232.4,807,0.015593249350786209,0.0008
0.462325,191,520,22,4270,1.76,232.63,817,0.016968417912721634,0.0008
0.46027499999999993,191,524,22,4290,1.76,232.63,822,0.03486553579568863,0.0008
0.45597,191,528,22,4332,1.74,232.34,832,0.02808365598320961,0.0008
0.45391999999999993,191,532,22,4352,1.74,232.61,837,0.01207729335874319,0.0008
0.452075,190,536,22,4370,1.73,232.18,842,0.028785189613699913,0.0008
0.4504349999999999,190,540,23,4386,1.72,231.65,846,0.016115626320242882,0.0008
0.445515,190,544,23,4434,1.72,231.65,858,0.023164112120866776,0.0008
0.44243999999999983,190,548,23,4464,1.75,232.95,865,0.004089510068297386,0.0008
0.43680250000000004,190,552,23,4519,1.77,233.67,879,0.02008957415819168,0.0008
0.43270250000000005,190,556,23,4559,1.79,234.39,889,0.0025473330169916153,0.0008
0.4306525,190,560,24,4579,1.77,233.62,894,0.018331656232476234,0.0008
0.42316999999999994,191,564,24,4652,1.77,233.62,912,0.02209467813372612,0.0008
0.41948000000000013,191,568,24,4688,1.82,235.75,921,0.02096380665898323,0.0008
0.41620000000000007,190,572,24,4720,1.81,235.34,929,0.033823635429143906,0.0008
0.41066499999999995,191,576,24,4774,1.82,235.53,943,0.01689530909061432,0.0008
0.403695,191,580,25,4842,1.86,237.26,960,0.0036910062190145254,0.0008
0.39744250000000003,191,584,25,4903,1.86,237.26,975,0.002185225486755371,0.0008
0.39539250000000004,191,588,25,4923,1.89,238.44,980,0.0033602379262447357,0.0008
0.39108750000000003,191,592,25,4965,1.89,238.37,991,0.02842077612876892,0.0008
0.3880125,191,596,26,4995,1.86,237.14,998,0.015930775552988052,0.0008
0.38145249999999997,191,600,26,5059,1.89,238.29,1014,0.016226330772042274,0.0008
0.37848000000000004,191,604,26,5088,1.89,238.29,1021,0.007476307917386293,0.0008
0.3764299999999998,191,608,26,5108,1.86,237.29,1026,0.023310603573918343,0.0008
0.37038249999999984,191,612,26,5167,1.88,237.88,1041,0.002736958209425211,0.0008
0.36751250000000013,191,616,27,5195,1.88,237.94,1048,0.010398046113550663,0.0008
0.36361750000000015,191,620,27,5233,1.88,238.14,1058,0.019201846793293953,0.0008
0.36156749999999993,191,624,27,5253,1.88,238.14,1063,0.028756458312273026,0.0008
0.35541750000000016,191,628,27,5313,1.9,238.87,1078,0.01380285993218422,0.0008
0.3502925,191,632,28,5363,1.92,239.96,1090,0.002311467193067074,0.0008
0.34660250000000004,190,636,28,5399,1.92,239.9,1099,0.04602506384253502,0.0008
0.34291250000000006,190,640,28,5435,1.92,239.84,1108,0.028563637286424637,0.0008
0.34086249999999996,190,644,28,5455,1.92,239.84,1113,0.01510352548211813,0.0008
0.3388125000000002,190,648,28,5475,1.89,238.74,1118,0.030923962593078613,0.0008
0.3349175000000001,190,652,28,5513,1.84,236.46,1128,0.04265300929546356,0.0008
0.33286749999999987,190,656,29,5533,1.84,236.56,1133,0.023547161370515823,0.0008
0.32764000000000004,190,660,29,5584,1.86,237.54,1145,0.021008871495723724,0.0008
0.3248724999999998,190,664,29,5611,1.86,237.54,1152,0.011692010797560215,0.0008
0.32159249999999995,190,668,29,5643,1.87,237.78,1160,0.013908043503761292,0.0008
0.318825,190,672,29,5670,1.88,237.89,1167,0.005322255659848452,0.0008
0.31554499999999996,190,676,29,5702,1.86,236.5,1175,0.0030025318264961243,0.0008
0.30878000000000005,190,680,30,5768,1.93,237.97,1191,0.03636898472905159,0.0008
0.305295,190,684,30,5802,1.93,237.97,1200,0.019271166995167732,0.0008
0.30027250000000005,190,688,30,5851,1.96,238.93,1212,0.030408384278416634,0.0008
0.2969925,190,692,30,5883,1.94,238.03,1220,0.009873847477138042,0.0008
0.2949425,190,696,31,5903,1.95,238.27,1225,0.022967323660850525,0.0008
0.2914574999999998,190,700,31,5937,1.94,237.67,1234,0.012768610380589962,0.0008
0.2881775000000001,190,704,31,5969,1.94,237.67,1242,0.01181204803287983,0.0008
0.2865375,189,708,31,5985,1.95,238.2,1246,0.02673378959298134,0.0008
0.2808999999999999,189,712,31,6040,1.95,238.21,1259,0.02861308492720127,0.0008
0.2776200000000001,189,716,31,6072,1.97,239.42,1267,0.050148241221904755,0.0008
0.27464749999999993,189,720,32,6101,1.96,239.01,1275,0.042687032371759415,0.0008
0.27259750000000005,189,724,32,6121,1.96,239.01,1280,0.016626734286546707,0.0008
0.269625,189,728,32,6150,1.96,238.97,1287,0.023727290332317352,0.0008
0.26614000000000027,189,732,32,6184,1.95,238.43,1295,0.007247309200465679,0.0008
0.2630650000000001,189,736,32,6214,1.97,239.17,1303,0.023019161075353622,0.0008
0.25958000000000003,189,740,32,6248,1.96,238.53,1311,0.04684203490614891,0.0008
0.25568499999999994,189,744,33,6286,1.96,238.53,1321,0.019205477088689804,0.0008
0.25219999999999987,189,748,33,6320,1.96,238.19,1329,0.03477419167757034,0.0008
0.24892000000000003,189,752,33,6352,1.98,238.98,1337,0.02553497813642025,0.0008
0.24420499999999978,189,756,33,6398,1.99,239.44,1349,0.008096925914287567,0.0008
0.2415400000000002,188,760,34,6424,2.0,239.64,1355,0.02672058343887329,0.0008
0.23785000000000012,188,764,34,6460,2.0,239.64,1364,0.030874455347657204,0.0008
0.23272499999999996,188,768,34,6510,2.01,239.96,1377,0.012936932034790516,0.0008
0.23067499999999996,188,772,34,6530,2.03,240.92,1382,0.01807282865047455,0.0008
0.22555000000000014,188,776,34,6580,2.03,240.78,1394,0.01757103204727173,0.0008
0.22042499999999998,188,780,35,6630,2.03,240.71,1407,0.008649235591292381,0.0008
0.21458250000000023,189,784,35,6687,2.03,240.71,1421,0.024891335517168045,0.0008
0.21161000000000008,188,788,35,6716,2.06,241.63,1428,0.011653724126517773,0.0008
0.2081249999999999,188,792,35,6750,2.05,241.34,1437,0.011637598276138306,0.0008
0.20648499999999992,188,796,35,6766,2.03,240.09,1441,0.02698693610727787,0.0008
0.20484500000000017,188,800,35,6782,2.0,238.31,1445,0.012117457576096058,0.0008
0.20084749999999985,188,804,36,6821,2.0,238.31,1455,0.029875479638576508,0.0008
0.1973625000000001,188,808,36,6855,2.0,238.42,1463,0.014480715617537498,0.0008
0.19367250000000003,188,812,36,6891,1.99,237.96,1472,0.0219888836145401,0.0008
0.18977750000000015,188,816,36,6929,1.97,236.88,1482,0.03377261385321617,0.0008
0.18793249999999995,188,820,36,6947,1.95,236.1,1486,0.019345121458172798,0.0008
0.18373000000000006,188,824,37,6988,1.95,236.1,1496,0.018677806481719017,0.0008
0.17932249999999994,188,828,37,7031,1.96,236.31,1507,0.03155186027288437,0.0008
0.1716350000000001,188,832,37,7106,1.97,236.38,1526,0.01757793128490448,0.0008
0.16702249999999996,188,836,37,7151,2.05,239.36,1537,0.01873360387980938,0.0008
0.1612825000000001,188,840,38,7207,2.07,240.11,1551,0.007665833458304405,0.0008
0.15431250000000007,188,844,38,7275,2.07,240.11,1568,0.028799865394830704,0.0008
0.14918750000000003,188,848,38,7325,2.12,241.99,1581,0.02098635956645012,0.0008
0.14508750000000015,188,852,39,7365,2.15,243.55,1591,0.0299923587590456,0.0008
0.13729750000000007,188,856,39,7441,2.17,243.98,1610,0.02278987318277359,0.0008
0.13330000000000009,188,860,39,7480,2.2,245.57,1619,0.03570251166820526,0.0008
0.12786750000000013,188,864,39,7533,2.2,245.57,1633,0.062118615955114365,0.0008
0.12438250000000006,188,868,40,7567,2.21,246.45,1641,0.0330122746527195,0.0008
0.11966750000000004,188,872,40,7613,2.23,246.95,1653,0.030318381264805794,0.0008
0.1167975,188,876,40,7641,2.24,247.18,1660,0.026125691831111908,0.0008
0.10921249999999993,188,880,40,7715,2.28,248.66,1678,0.02302888035774231,0.0008
0.10665000000000002,188,884,40,7740,2.28,248.66,1684,0.015303079038858414,0.0008
0.10316499999999984,188,888,41,7774,2.26,247.75,1693,0.03349935635924339,0.0008
0.09988500000000011,188,892,41,7806,2.27,247.53,1701,0.04403951019048691,0.0008
0.09229999999999994,188,896,41,7880,2.29,247.88,1719,0.011134747415781021,0.0008
0.09014749999999994,188,900,41,7901,2.34,249.85,1725,0.011615891009569168,0.0008
0.08686750000000021,188,904,42,7933,2.34,249.85,1733,0.05042801424860954,0.0008
0.08317750000000013,188,908,42,7969,2.36,250.15,1742,0.016111960634589195,0.0008
0.08,188,912,42,8001,2.37,250.24,1750,0.016513271257281303,0.0008
0.08,188,916,42,8045,2.38,250.13,1761,0.0198972187936306,0.0008
0.08,188,920,42,8090,2.39,250.48,1772,0.049114104360342026,0.0008
0.08,188,924,43,8128,2.39,250.48,1781,0.017600562423467636,0.0008
0.08,188,928,43,8167,2.41,251.24,1791,0.05189437419176102,0.0008
0.08,188,932,43,8241,2.45,253.24,1810,0.04784008115530014,0.0008
0.08,188,936,43,8275,2.43,252.26,1818,0.022937018424272537,0.0008
0.08,188,940,44,8316,2.46,252.94,1828,0.049348361790180206,0.0008
0.08,188,944,44,8397,2.46,252.94,1849,0.020719941705465317,0.0008
0.08,188,948,44,8437,2.56,255.36,1859,0.017422761768102646,0.0008
0.08,188,952,45,8487,2.57,255.6,1871,0.025706961750984192,0.0008
0.08,188,956,45,8526,2.6,256.69,1881,0.017116384580731392,0.0008
0.08,188,960,45,8567,2.63,257.41,1891,0.021283239126205444,0.0008
0.08,188,964,45,8620,2.63,257.41,1904,0.01721598394215107,0.0008
0.08,188,968,46,8697,2.65,257.91,1924,0.02868330478668213,0.0008
0.08,188,972,46,8771,2.73,260.75,1942,0.018884072080254555,0.0008
0.08,188,976,46,8805,2.76,261.7,1951,0.006006075069308281,0.0008
0.08,188,980,46,8844,2.78,262.15,1960,0.011195655912160873,0.0008
0.08,188,984,47,8885,2.78,262.15,1971,0.03031321056187153,0.0008
0.08,188,988,47,8959,2.81,263.22,1989,0.018019121140241623,0.0008
0.08,188,992,47,9033,2.88,265.67,2008,0.02463337779045105,0.0008
0.08,188,996,48,9075,2.97,267.59,2018,0.021332699805498123,0.0008
0.08,188,1000,48,9109,2.97,267.18,2027,0.04641451686620712,0.0008
0.08,188,1004,48,9183,2.97,267.18,2045,0.03534389287233353,0.0008
0.08,188,1008,48,9247,3.02,269.04,2061,0.012014268897473812,0.0008
0.08,188,1012,49,9296,3.11,270.92,2073,0.023783979937434196,0.0008
0.08,188,1016,49,9331,3.18,272.16,2082,0.013354825787246227,0.0008
0.08,188,1020,49,9365,3.18,272.14,2091,0.014917932450771332,0.0008
0.08,188,1024,49,9394,3.18,272.14,2098,0.01950852945446968,0.0008
0.08,188,1028,49,9423,3.19,272.45,2105,0.03577372431755066,0.0008
0.08,188,1032,50,9461,3.2,272.67,2115,0.02530033513903618,0.0008
0.08,188,1036,50,9492,3.2,272.82,2122,0.0378028079867363,0.0008
0.08,188,1040,50,9531,3.23,273.98,2132,0.026378247886896133,0.0008
0.08,188,1044,50,9605,3.23,273.98,2151,0.038852401077747345,0.0008
0.08,188,1048,51,9653,3.27,275.41,2163,0.042596474289894104,0.0008
0.08,188,1052,51,9735,3.32,275.71,2183,0.05132589489221573,0.0008
0.08,188,1056,51,9777,3.39,277.18,2194,0.025496378540992737,0.0008
0.08,188,1060,52,9816,3.42,277.95,2203,0.02092047780752182,0.0008
0.08,188,1064,52,9850,3.42,277.95,2212,0.026694873347878456,0.0008
0.08,188,1068,52,9917,3.4,276.69,2229,0.009746400639414787,0.0008
0.08,188,1072,52,9993,3.46,278.06,2248,0.009975689463317394,0.0008
0.08,188,1076,53,10027,3.49,279.2,2256,0.04228956252336502,0.0008
0.08,188,1080,53,10054,3.44,276.92,2263,0.02559713087975979,0.0008
0.08,188,1084,53,10117,3.44,276.92,2279,0.04009215906262398,0.0008
0.08,188,1088,53,10140,3.44,276.7,2284,0.04619362950325012,0.0008
0.08,188,1092,53,10154,3.45,276.72,2288,0.018172629177570343,0.0008
0.08,188,1096,54,10256,3.47,277.11,2313,0.05136796459555626,0.0008
0.08,188,1100,54,10295,3.48,277.67,2323,0.01827392540872097,0.0008
0.08,188,1104,54,10315,3.48,277.67,2328,0.018894927576184273,0.0008
0.08,188,1108,54,10335,3.47,277.5,2333,0.04536420851945877,0.0008
0.08,188,1112,55,10371,3.46,277.25,2342,0.02587667852640152,0.0008
0.08,187,1116,55,10398,3.45,276.77,2349,0.0149372648447752,0.0008
0.08,187,1120,55,10432,3.45,276.59,2357,0.02168263867497444,0.0008
0.08,188,1124,55,10485,3.45,276.59,2371,0.030470293015241623,0.0008
0.08,188,1128,55,10526,3.47,277.22,2381,0.03862427920103073,0.0008
0.08,188,1132,56,10579,3.52,277.39,2394,0.04434617981314659,0.0008
0.08,188,1136,56,10640,3.53,278.07,2409,0.025793399661779404,0.0008
0.08,188,1140,56,10698,3.56,279.19,2424,0.03517845645546913,0.0008
0.08,188,1144,57,10765,3.56,279.19,2441,0.032294489443302155,0.0008
0.08,188,1148,57,10839,3.61,281.09,2459,0.006143197882920504,0.0008
0.08,188,1152,57,10888,3.72,283.96,2471,0.022095492109656334,0.0008
0.08,188,1156,58,10938,3.73,284.23,2484,0.005605883430689573,0.0008
0.08,188,1160,58,11010,3.78,286.11,2502,0.0367472805082798,0.0008
0.08,188,1164,58,11091,3.78,286.11,2522,0.01526842825114727,0.0008
0.08,188,1168,59,11164,3.88,288.89,2540,0.04490658640861511,0.0008
0.08,188,1172,59,11204,3.98,290.42,2550,0.01665428653359413,0.0008
0.08,188,1176,59,11238,4.0,291.21,2559,0.024876760318875313,0.0008
0.08,188,1180,59,11287,3.98,290.21,2571,0.029125729575753212,0.0008
0.08,188,1184,60,11368,3.98,290.21,2591,0.013441788963973522,0.0008
0.08,188,1188,60,11450,4.06,292.18,2612,0.023683961480855942,0.0008
0.08,188,1192,60,11477,4.1,293.71,2619,0.030921954661607742,0.0008
0.08,188,1196,61,11526,4.15,294.25,2631,0.011474915780127048,0.0008
0.08,188,1200,61,11575,4.21,295.22,2643,0.0220889151096344,0.0008
0.08,188,1204,61,11623,4.21,295.22,2655,0.035811394453048706,0.0008
0.08,188,1208,61,11665,4.28,296.06,2666,0.013778765685856342,0.0008
0.08,188,1212,62,11746,4.31,297.14,2686,0.03677266836166382,0.0008
0.08,188,1216,62,11773,4.33,297.66,2693,0.05393705144524574,0.0008
0.08,188,1220,62,11823,4.36,298.47,2705,0.016004255041480064,0.0008
0.08,188,1224,63,11919,4.36,298.47,2729,0.01373143121600151,0.0008
0.08,188,1228,63,11975,4.43,301.53,2743,0.011444192379713058,0.0008
0.08,188,1232,63,12016,4.48,303.46,2753,0.02724214643239975,0.0008
0.08,188,1236,63,12058,4.52,303.45,2764,0.04456287622451782,0.0008
0.08,188,1240,64,12097,4.53,303.89,2774,0.017370320856571198,0.0008
0.08,188,1244,64,12178,4.53,303.89,2794,0.010274767875671387,0.0008
0.08,188,1248,64,12213,4.62,306.09,2803,0.01942257024347782,0.0008
0.08,188,1252,64,12247,4.63,306.33,2811,0.04922414571046829,0.0008
0.08,189,1256,65,12328,4.63,305.96,2831,0.024293653666973114,0.0008
0.08,188,1260,65,12369,4.67,307.33,2842,0.030715461820364,0.0008
0.08,189,1264,65,12408,4.67,307.33,2851,0.03582756966352463,0.0008
0.08,189,1268,65,12453,4.69,307.94,2863,0.030687950551509857,0.0008
0.08,189,1272,66,12498,4.69,307.74,2874,0.07914241403341293,0.0008
0.08,189,1276,66,12555,4.7,307.88,2888,0.059056200087070465,0.0008
0.08,189,1280,66,12612,4.73,308.95,2902,0.05018256604671478,0.0008
0.08,189,1284,66,12662,4.73,308.95,2915,0.026228513568639755,0.0008
0.08,189,1288,67,12701,4.73,309.06,2925,0.035032644867897034,0.0008
0.08,189,1292,67,12735,4.75,309.59,2933,0.04000910371541977,0.0008
0.08,189,1296,67,12776,4.77,310.3,2943,0.040438637137413025,0.0008
0.08,189,1300,67,12825,4.84,311.62,2956,0.03455731272697449,0.0008
0.08,189,1304,68,12866,4.84,311.62,2966,0.019023433327674866,0.0008
0.08,189,1308,68,12919,4.86,311.91,2979,0.015667300671339035,0.0008
0.08,189,1312,68,12959,4.92,312.84,2989,0.023120906203985214,0.0008
0.08,189,1316,68,13040,4.94,313.38,3009,0.02891051582992077,0.0008
0.08,188,1320,69,13074,4.98,315.07,3018,0.020994883030653,0.0008
0.08,189,1324,69,13163,4.98,315.07,3040,0.0337609127163887,0.0008
0.08,189,1328,70,13244,5.03,317.3,3060,0.02006436139345169,0.0008
0.08,189,1332,70,13312,5.11,319.31,3077,0.00546897342428565,0.0008
0.08,189,1336,70,13353,5.09,318.44,3088,0.041928745806217194,0.0008
0.08,189,1340,70,13398,5.07,317.64,3099,0.012597538530826569,0.0008
0.08,189,1344,71,13439,5.07,317.64,3109,0.03478541970252991,0.0008
0.08,189,1348,71,13473,5.05,316.55,3118,0.023627743124961853,0.0008
0.08,189,1352,71,13514,5.04,315.67,3128,0.021948309615254402,0.0008
0.08,189,1356,71,13581,5.03,315.32,3145,0.024931946769356728,0.0008
0.08,189,1360,71,13615,5.04,315.16,3153,0.02630440890789032,0.0008
0.08,189,1364,72,13656,5.04,315.16,3163,0.030361738055944443,0.0008
0.08,189,1368,72,13690,5.04,314.53,3172,0.04543856158852577,0.0008
0.08,189,1372,72,13764,5.04,314.37,3190,0.022375723347067833,0.0008
0.08,189,1376,72,13791,5.07,315.74,3197,0.03600650280714035,0.0008
0.08,189,1380,73,13840,5.08,314.67,3209,0.029916156083345413,0.0008
0.08,189,1384,73,13902,5.08,314.67,3225,0.020562604069709778,0.0008
0.08,189,1388,73,13956,5.12,316.53,3238,0.03172615170478821,0.0008
0.08,189,1392,73,13998,5.17,317.29,3249,0.024247802793979645,0.0008
0.08,189,1396,74,14080,5.21,317.67,3269,0.022306229919195175,0.0008
0.08,189,1400,74,14121,5.23,318.54,3280,0.020669162273406982,0.0008
0.08,189,1404,75,14195,5.23,318.54,3298,0.018784314393997192,0.0008
0.08,189,1408,75,14269,5.28,320.74,3317,0.014175118878483772,0.0008
0.08,189,1412,75,14334,5.32,322.57,3333,0.017845317721366882,0.0008
0.08,189,1416,75,14375,5.34,323.42,3343,0.007989995181560516,0.0008
0.08,189,1420,76,14417,5.37,323.15,3354,0.00620467122644186,0.0008
0.08,189,1424,76,14477,5.37,323.15,3369,0.024863243103027344,0.0008
0.08,189,1428,76,14518,5.39,323.71,3379,0.03063775971531868,0.0008
0.08,189,1432,77,14577,5.41,322.63,3394,0.011467192322015762,0.0008
0.08,189,1436,77,14651,5.44,324.0,3412,0.009602505713701248,0.0008
0.08,189,1440,77,14678,5.45,324.79,3419,0.010848570615053177,0.0008
0.08,189,1444,77,14708,5.45,324.79,3426,0.00599028542637825,0.0008
0.08,189,1448,78,14793,5.36,322.61,3448,0.025070885196328163,0.0008
0.08,189,1452,78,14867,5.43,324.56,3466,0.017045266926288605,0.0008
0.08,189,1456,78,14934,5.45,325.31,3483,0.01608620025217533,0.0008
0.08,189,1460,79,14982,5.49,326.84,3495,0.013921097852289677,0.0008
0.08,189,1464,79,15021,5.49,326.84,3505,0.02873283252120018,0.0008
0.08,189,1468,79,15089,5.48,326.13,3522,0.0260920487344265,0.0008
0.08,189,1472,80,15175,5.47,326.17,3543,0.020578570663928986,0.0008
0.08,189,1476,80,15241,5.53,327.61,3560,0.03100992739200592,0.0008
0.08,189,1480,80,15288,5.61,328.27,3571,0.05063466355204582,0.0008
0.08,189,1484,80,15322,5.61,328.27,3580,0.03894969820976257,0.0008
0.08,189,1488,81,15356,5.61,328.1,3588,0.017223607748746872,0.0008
0.08,189,1492,81,15437,5.57,326.41,3609,0.029191728681325912,0.0008
0.08,189,1496,81,15479,5.57,326.42,3619,0.010839343070983887,0.0008
0.08,189,1500,82,15526,5.58,327.04,3631,0.03547528386116028,0.0008
0.08,189,1504,82,15618,5.58,327.04,3654,0.016502482816576958,0.0008
0.08,189,1508,82,15691,5.65,328.0,3672,0.031670212745666504,0.0008
0.08,189,1512,83,15732,5.62,328.17,3682,0.021173708140850067,0.0008
0.08,189,1516,83,15781,5.62,328.08,3695,0.027775458991527557,0.0008
0.08,189,1520,83,15822,5.64,328.54,3705,0.022566797211766243,0.0008
0.08,189,1524,83,15883,5.64,328.54,3720,0.004537359345704317,0.0008
0.08,189,1528,84,15936,5.71,329.72,3733,0.009880023077130318,0.0008
0.08,189,1532,84,15982,5.74,330.43,3745,0.02605360746383667,0.0008
0.08,189,1536,84,16016,5.77,331.44,3753,0.015450658276677132,0.0008
0.08,189,1540,84,16057,5.77,331.28,3764,0.02018740586936474,0.0008
0.08,189,1544,85,16105,5.77,331.28,3776,0.014541327953338623,0.0008
0.08,189,1548,85,16187,5.74,330.07,3796,0.015376973897218704,0.0008
0.08,189,1552,85,16258,5.75,332.65,3814,0.030703788623213768,0.0008
0.08,189,1556,86,16318,5.65,329.93,3829,0.022892732173204422,0.0008
0.08,189,1560,86,16359,5.69,331.78,3839,0.01529497466981411,0.0008
0.08,189,1564,86,16428,5.69,331.78,3856,0.025898966938257217,0.0008
0.08,189,1568,87,16520,5.71,332.93,3879,0.00814102403819561,0.0008
0.08,189,1572,87,16560,5.76,333.67,3889,0.04822599142789841,0.0008
0.08,189,1576,87,16622,5.76,333.88,3905,0.012776711955666542,0.0008
0.08,189,1580,87,16663,5.78,334.39,3915,0.023283135145902634,0.0008
0.08,189,1584,88,16720,5.78,334.39,3929,0.006661354098469019,0.0008
0.08,189,1588,88,16768,5.78,334.76,3941,0.020119071006774902,0.0008
0.08,189,1592,88,16802,5.8,335.68,3950,0.02226654812693596,0.0008
0.08,189,1596,88,16862,5.77,334.8,3965,0.013125233352184296,0.0008
0.08,189,1600,89,16911,5.82,335.22,3977,0.03712616488337517,0.0008
0.08,189,1604,89,16976,5.82,335.22,3993,0.019926033914089203,0.0008
0.08,189,1608,89,17051,5.91,337.38,4012,0.011518392711877823,0.0008
0.08,189,1612,90,17125,5.95,338.79,4031,0.03610095754265785,0.0008
0.08,189,1616,90,17192,6.0,340.77,4047,0.008154078386723995,0.0008
0.08,189,1620,90,17243,6.06,343.08,4060,0.01737343519926071,0.0008
0.08,189,1624,91,17284,6.06,343.08,4070,0.02808949165046215,0.0008
0.08,189,1628,91,17357,6.1,344.66,4089,0.03196205198764801,0.0008
0.08,189,1632,91,17398,6.05,344.0,4099,0.026799369603395462,0.0008
0.08,189,1636,91,17439,6.03,342.86,4109,0.026813838630914688,0.0008
0.08,189,1640,92,17471,6.01,341.98,4117,0.01895262487232685,0.0008
0.08,189,1644,92,17534,6.01,341.98,4133,0.017624501138925552,0.0008
0.08,189,1648,92,17573,6.02,341.88,4143,0.011578842997550964,0.0008
0.08,189,1652,92,17610,5.94,339.86,4152,0.027711238712072372,0.0008
0.08,189,1656,92,17649,5.95,339.95,4162,0.012283775955438614,0.0008
0.08,189,1660,93,17672,5.89,337.32,4167,0.007137461099773645,0.0008
0.08,189,1664,93,17708,5.89,337.32,4176,0.023726224899291992,0.0008
0.08,189,1668,93,17805,5.81,335.25,4201,0.01906464248895645,0.0008
0.08,189,1672,93,17845,5.79,336.12,4211,0.028964761644601822,0.0008
0.08,189,1676,94,17922,5.83,337.82,4230,0.030595432966947556,0.0008
0.08,190,1680,94,18002,5.83,338.97,4250,0.016798775643110275,0.0008
0.08,190,1684,95,18083,5.83,338.97,4270,0.008384640328586102,0.0008
0.08,190,1688,95,18194,5.79,338.86,4298,0.012641915120184422,0.0008
0.08,190,1692,95,18221,5.84,339.95,4305,0.004480488132685423,0.0008
0.08,190,1696,96,18262,5.8,339.91,4315,0.008950191549956799,0.0008
0.08,190,1700,96,18342,5.79,340.64,4335,0.019137348979711533,0.0008
0.08,190,1704,96,18453,5.79,340.64,4363,0.0539589561522007,0.0008
0.08,190,1708,97,18487,5.9,343.14,4371,0.017322437837719917,0.0008
0.08,190,1712,97,18559,5.89,342.58,4389,0.028838954865932465,0.0008
0.08,190,1716,97,18586,5.88,342.26,4396,0.003331391606479883,0.0008
0.08,190,1720,97,18659,5.9,343.15,4414,0.0048139579594135284,0.0008
0.08,190,1724,98,18704,5.9,343.15,4425,0.009714743122458458,0.0008
0.08,190,1728,98,18738,5.87,341.25,4434,0.016264526173472404,0.0008
0.08,190,1732,98,18772,5.83,339.63,4442,0.015606632456183434,0.0008
0.08,190,1736,98,18844,5.79,339.45,4460,0.010974260978400707,0.0008
0.08,190,1740,99,18885,5.83,340.97,4471,0.023275144398212433,0.0008
0.08,190,1744,99,18926,5.83,340.97,4481,0.04038131609559059,0.0008
0.08,190,1748,99,19002,5.76,339.26,4500,0.025652656331658363,0.0008
0.08,190,1752,99,19029,5.78,340.22,4507,0.02096894197165966,0.0008
0.08,190,1756,100,19063,5.78,340.3,4515,0.004955928772687912,0.0008
0.08,190,1760,100,19104,5.74,338.92,4525,0.012646345421671867,0.0008
0.08,190,1764,100,19138,5.74,338.92,4534,0.009004605002701283,0.0008
0.08,190,1768,100,19179,5.73,338.53,4544,0.01219272706657648,0.0008
0.08,190,1772,101,19225,5.77,338.66,4556,0.02279813587665558,0.0008
0.08,190,1776,101,19245,5.74,337.92,4561,0.021685978397727013,0.0008
0.08,190,1780,101,19286,5.71,336.47,4571,0.02266825921833515,0.0008
0.08,190,1784,101,19327,5.71,336.47,4581,0.03380269557237625,0.0008
0.08,190,1788,101,19378,5.7,335.86,4594,0.004222685471177101,0.0008
0.08,190,1792,102,19412,5.71,336.44,4602,0.01671058125793934,0.0008
0.08,190,1796,102,19479,5.69,335.93,4619,0.014777638018131256,0.0008
0.08,190,1800,102,19506,5.67,336.59,4626,0.01266908273100853,0.0008
0.08,190,1804,102,19580,5.67,336.59,4644,0.00681306840851903,0.0008
0.08,190,1808,103,19614,5.7,337.92,4653,0.014524722471833229,0.0008
0.08,190,1812,103,19648,5.64,336.83,4661,0.007371099665760994,0.0008
0.08,190,1816,103,19670,5.62,336.1,4667,0.009187369607388973,0.0008
0.08,190,1820,103,19698,5.58,334.07,4674,0.008216992020606995,0.0008
0.08,190,1824,103,19752,5.58,334.07,4687,0.006719814147800207,0.0008
0.08,190,1828,104,19794,5.54,332.25,4698,0.010267021134495735,0.0008
0.08,190,1832,104,19845,5.48,330.81,4711,0.008540253154933453,0.0008
0.08,190,1836,104,19879,5.46,329.91,4719,0.011464331299066544,0.0008
0.08,190,1840,104,19900,5.44,328.88,4724,0.009956058114767075,0.0008
0.08,190,1844,104,19930,5.44,328.88,4732,0.017961964011192322,0.0008
0.08,190,1848,105,19978,5.43,328.29,4744,0.01065088715404272,0.0008
