rollout/exploration_rate,time/total_timesteps,time/time_elapsed,time/episodes,time/fps,rollout/ep_len_mean,rollout/ep_rew_mean,train/learning_rate,train/loss,train/n_updates
0.9939362499999999,49,0,4,140,,,,,
0.9894812500000003,85,0,8,162,310.0,4.0,,,
0.9855212499999997,117,0,12,172,288.0,3.0,,,
0.9830462499999999,137,0,16,174,249.0,2.0,,,
0.9794574999999995,166,0,20,183,240.25,1.75,,,
0.9752500000000005,200,1,24,194,240.25,1.75,,,
0.9705475000000005,238,1,28,205,234.2,1.8,,,
0.9683200000000002,256,1,32,207,233.83333333333334,1.8333333333333333,,,
0.9644837500000003,287,1,36,210,230.42857142857142,1.7142857142857142,,,
0.9608949999999999,316,1,40,215,228.625,1.625,,,
0.9586674999999996,334,1,44,217,228.625,1.625,,,
0.9561924999999999,354,1,48,217,220.11111111111111,1.4444444444444444,,,
0.9528512499999999,381,1,52,219,218.3,1.4,,,
0.94814875,419,1,56,223,220.1818181818182,1.4545454545454546,,,
0.9435699999999996,456,1,60,228,222.16666666666666,1.5,,,
0.9410949999999999,476,2,64,229,222.16666666666666,1.5,,,
0.9336699999999996,536,2,68,235,217.46153846153845,1.3846153846153846,,,
0.9311949999999999,556,2,72,235,225.07142857142858,1.5714285714285714,,,
0.92735875,587,2,76,236,224.66666666666666,1.5333333333333334,,,
0.92265625,625,2,80,239,226.0,1.5625,,,
0.91795375,663,2,84,243,226.0,1.5625,,,
0.9154787500000002,683,2,88,243,226.0,1.588235294117647,,,
0.9107762500000002,721,2,92,245,222.83333333333334,1.5,,,
0.90285625,785,3,96,250,232.47368421052633,1.736842105263158,,,
0.89815375,823,3,100,250,232.7,1.75,,,
0.8917187499999996,875,3,104,254,232.7,1.75,,,
0.8894912500000004,893,3,108,253,235.66666666666666,1.8571428571428572,,,
0.8836749999999997,940,3,112,255,234.77272727272728,1.8181818181818181,,,
0.8814475000000004,958,3,116,254,234.69565217391303,1.826086956521739,,,
0.8772400000000004,992,3,120,255,234.625,1.8333333333333333,,,
0.8747649999999996,1012,3,124,254,234.625,1.8333333333333333,,,
0.8709287499999997,1043,4,128,253,231.44,1.76,,,
0.8672162499999996,1073,4,132,253,232.30769230769232,1.7692307692307692,,,
0.8633799999999997,1104,4,136,254,231.25925925925927,1.7407407407407407,,,
0.8571924999999998,1154,4,140,255,232.82142857142858,1.7857142857142858,,,
0.8524899999999997,1192,4,144,257,232.82142857142858,1.7857142857142858,,,
0.8472924999999998,1234,4,148,258,232.31034482758622,1.793103448275862,,,
0.8435799999999997,1264,4,152,258,234.83333333333334,1.8333333333333333,,,
0.841105,1284,4,156,257,232.32258064516128,1.7741935483870968,,,
0.8350412499999997,1333,5,160,259,233.78125,1.8125,,,
0.8305862500000003,1369,5,164,258,233.78125,1.8125,,,
0.8274924999999997,1394,5,168,256,233.42424242424244,1.8181818181818181,,,
0.8250175000000001,1414,5,172,255,232.47058823529412,1.7941176470588236,,,
0.8225425000000003,1434,5,176,255,231.0,1.7428571428571429,,,
0.820315,1452,5,180,255,229.02777777777777,1.6944444444444444,,,
0.8180874999999997,1470,5,184,255,229.02777777777777,1.6944444444444444,,,
0.8136325000000002,1506,5,188,255,226.94594594594594,1.6486486486486487,,,
0.8093012500000004,1541,6,192,254,227.8684210526316,1.6842105263157894,,,
0.8058362499999997,1569,6,196,253,228.46153846153845,1.6923076923076923,,,
0.8019999999999998,1600,6,200,253,227.95,1.675,,,
0.7958125,1650,6,204,254,227.95,1.675,,,
0.7935849999999997,1668,6,208,253,229.29268292682926,1.7073170731707317,,,
0.7859125,1730,6,212,255,229.85714285714286,1.7142857142857142,,,
0.7798487499999998,1779,6,216,257,231.04651162790697,1.744186046511628,,,
0.77786875,1795,7,220,256,231.11363636363637,1.75,,,
0.7753937500000003,1815,7,224,256,231.11363636363637,1.75,,,
0.7697012500000003,1861,7,228,257,229.95555555555555,1.711111111111111,,,
0.7674737500000001,1879,7,232,257,230.7608695652174,1.7391304347826086,,,
0.7596774999999996,1942,7,236,259,232.93617021276594,1.7872340425531914,,,
0.7563362499999996,1969,7,240,259,232.08333333333334,1.7708333333333333,,,
0.7511387499999997,2011,7,244,260,232.08333333333334,1.7708333333333333,,,
0.7489112500000005,2029,7,248,259,232.28571428571428,1.7755102040816326,,,
0.7464362499999997,2049,7,252,258,230.72,1.74,,,
0.7428475000000003,2078,8,256,258,230.4313725490196,1.7254901960784315,,,
0.7349275000000001,2142,8,260,259,232.8846153846154,1.7884615384615385,,,
0.7293587499999998,2187,8,264,260,232.8846153846154,1.7884615384615385,,,
0.7257700000000005,2216,8,268,261,233.45283018867926,1.8113207547169812,,,
0.7221812500000001,2245,8,272,261,233.46296296296296,1.8148148148148149,,,
0.7185924999999997,2274,8,276,261,232.6909090909091,1.8,,,
0.7141375000000002,2310,8,280,261,232.60714285714286,1.8035714285714286,,,
0.7103012500000003,2341,8,284,262,232.60714285714286,1.8035714285714286,,,
0.7028762500000001,2401,9,288,263,232.98245614035088,1.8070175438596492,,,
0.6984212500000005,2437,9,292,263,235.0344827586207,1.8620689655172413,,,
0.6959462499999998,2457,9,296,263,233.67796610169492,1.8305084745762712,,,
0.6914912500000001,2493,9,300,263,233.86666666666667,1.8333333333333333,,,
0.6815912500000002,2573,9,304,265,233.86666666666667,1.8333333333333333,,,
0.6755275000000001,2622,9,308,266,236.75409836065575,1.9344262295081966,,,
0.6719387499999996,2651,9,312,266,237.3709677419355,1.9516129032258065,,,
0.6673600000000004,2688,10,316,266,238.14285714285714,1.9682539682539681,,,
0.6637712499999999,2717,10,320,266,237.484375,1.953125,,,
0.6612962500000001,2737,10,324,266,237.484375,1.953125,,,
0.6565937500000003,2775,10,328,267,236.26153846153846,1.9230769230769231,,,
0.6515199999999999,2816,10,332,267,237.21212121212122,1.9393939393939394,,,
0.6490450000000002,2836,10,336,267,236.6417910447761,1.9253731343283582,,,
0.6470650000000004,2852,10,340,266,235.5735294117647,1.8970588235294117,,,
0.64347625,2881,10,344,267,235.5735294117647,1.8970588235294117,,,
0.6410012500000002,2901,10,348,266,235.18840579710144,1.8840579710144927,,,
0.6365462499999996,2937,11,352,266,234.2,1.8571428571428572,,,
0.6325862500000001,2969,11,356,266,235.05633802816902,1.8732394366197183,,,
0.6289974999999997,2998,11,360,266,234.79166666666666,1.8611111111111112,,,
0.6245425000000001,3034,11,364,266,234.79166666666666,1.8611111111111112,,,
0.6183550000000002,3084,11,368,265,235.43835616438355,1.8767123287671232,,,
0.6116725000000005,3138,11,372,265,235.67567567567568,1.8783783783783783,,,
0.6073412499999995,3173,11,376,265,237.53333333333333,1.92,,,
0.6020199999999999,3216,12,380,265,237.8421052631579,1.9342105263157894,,,
0.5973174999999998,3254,12,384,266,237.8421052631579,1.9342105263157894,,,
0.5937287500000006,3283,12,388,265,237.72727272727272,1.9350649350649352,,,
0.5869224999999999,3338,12,392,266,238.66666666666666,1.9487179487179487,,,
0.5844475000000002,3358,12,396,266,238.32911392405063,1.9367088607594938,,,
0.5799924999999996,3394,12,400,266,238.1625,1.9375,,,
0.5730625000000004,3450,12,404,267,238.1625,1.9375,,,
0.5682362499999996,3489,13,408,267,239.62962962962962,1.9753086419753085,,,
0.5646475000000002,3518,13,412,267,239.2560975609756,1.9634146341463414,,,
0.5621725000000004,3538,13,416,267,239.04819277108433,1.9518072289156627,,,
0.5514062500000002,3625,13,420,269,241.35714285714286,2.011904761904762,,,
0.5447237500000004,3679,13,424,269,241.35714285714286,2.011904761904762,,,
0.5411349999999999,3708,13,428,269,241.96470588235294,2.023529411764706,,,
0.5380412499999995,3733,13,432,269,241.63953488372093,2.0232558139534884,,,
0.5332149999999998,3772,13,436,270,241.79310344827587,2.0229885057471266,,,
0.5281412500000007,3813,14,440,270,241.98863636363637,2.022727272727273,,,
0.5243049999999997,3844,14,444,270,241.98863636363637,2.022727272727273,,,
0.5198500000000001,3880,14,448,270,241.48314606741573,2.0112359550561796,,,
0.5173750000000004,3900,14,452,270,241.38888888888889,2.011111111111111,,,
0.5120537499999996,3943,14,456,270,241.57142857142858,2.010989010989011,,,
0.5045049999999996,4004,14,460,271,242.4673913043478,2.032608695652174,,,
0.5002974999999995,4038,14,464,271,242.4673913043478,2.032608695652174,,,
0.49782249999999983,4058,14,468,270,242.25806451612902,2.032258064516129,,,
0.49448125,4085,15,472,270,241.43617021276594,2.0106382978723403,,,
0.48804624999999957,4137,15,476,271,241.86315789473684,2.0210526315789474,,,
0.48086874999999973,4195,15,480,271,243.125,2.0520833333333335,,,
0.47864124999999946,4213,15,484,271,243.125,2.0520833333333335,,,
0.47084500000000007,4276,15,488,271,243.17525773195877,2.051546391752577,,,
0.4675037500000001,4303,15,492,271,243.6326530612245,2.061224489795918,,,
0.4616875000000006,4350,15,496,272,243.2929292929293,2.0505050505050506,,,
0.4567375,4390,16,500,272,244.2,2.07,,,
0.4500550000000002,4444,16,504,272,244.2,2.07,,,
0.44807500000000045,4460,16,508,272,244.11,2.07,,,
0.44003125000000043,4525,16,512,273,243.58,2.06,,,
0.43755624999999965,4545,16,516,272,244.98,2.1,,,
0.43211125000000017,4589,16,520,273,245.48,2.12,,,
0.4296362500000005,4609,16,524,272,245.48,2.12,,,
0.4271612499999996,4629,16,528,272,245.19,2.1,,,
0.42468624999999993,4649,17,532,272,244.58,2.08,,,
0.4182512499999995,4701,17,536,272,245.51,2.1,,,
0.41231125000000024,4749,17,540,272,246.26,2.12,,,
0.40872249999999977,4778,17,544,271,246.26,2.12,,,
0.4024112500000002,4829,17,548,272,246.8,2.13,,,
0.3984512499999995,4861,17,552,272,248.17,2.16,,,
0.391645,4916,18,556,272,248.8,2.18,,,
0.38805624999999955,4945,18,560,272,248.42,2.17,,,
0.3836012500000001,4981,18,564,272,248.42,2.17,,,
0.3779087500000001,5027,18,568,272,249.93,2.21,,,
0.3723399999999999,5072,18,572,272,248.96,2.19,,,
0.3677612499999996,5109,18,576,272,249.8,2.22,,,
0.36355374999999956,5143,18,580,272,249.45,2.22,,,
0.3588512499999995,5181,18,584,273,249.45,2.22,,,
0.35439624999999997,5217,19,588,273,249.71,2.22,,,
0.35018874999999994,5251,19,592,273,250.56,2.25,,,
0.34288750000000046,5310,19,596,274,248.97,2.22,,,
0.3406600000000001,5328,19,600,273,249.2,2.22,,,
0.3359575,5366,19,604,274,249.2,2.22,,,
0.33212125000000026,5397,19,608,274,248.56,2.2,,,
0.3287800000000003,5424,19,612,274,248.75,2.21,,,
0.32543875000000044,5451,19,616,273,248.32,2.2,,,
0.32036500000000023,5492,20,620,274,248.65,2.2,,,
0.31281625000000024,5553,20,624,275,248.65,2.2,,,
0.30922749999999966,5582,20,628,275,250.35,2.24,,,
0.30390625000000004,5625,20,632,275,250.74,2.25,,,
0.3014312500000004,5645,20,636,275,250.42,2.24,,,
0.2989562500000006,5665,20,640,274,249.35,2.21,,,
0.2953675000000001,5694,20,644,274,249.35,2.21,,,
0.29338750000000036,5710,20,648,274,249.33,2.2,,,
0.2886850000000003,5748,20,652,274,248.4,2.19,,,
0.28398250000000025,5786,21,656,274,249.25,2.21,,,
0.28150749999999947,5806,21,660,274,248.1,2.18,,,
0.2790324999999998,5826,21,664,274,248.1,2.18,,,
0.2765575,5846,21,668,274,247.42,2.16,,,
0.27024625000000047,5897,21,672,274,248.12,2.17,,,
0.26653375000000035,5927,21,676,274,248.62,2.19,,,
0.2629449999999999,5956,21,680,274,249.07,2.2,,,
0.25824249999999993,5994,21,684,275,249.07,2.2,,,
0.25440625000000006,6025,21,688,274,249.96,2.22,,,
0.24871375000000018,6071,22,692,274,249.78,2.21,,,
0.24623875000000028,6091,22,696,274,249.61,2.21,,,
0.23918500000000031,6148,22,700,275,250.71,2.24,,,
0.23287374999999955,6199,22,704,275,250.71,2.24,,,
0.2292850000000003,6228,22,708,275,250.86,2.25,,,
0.2268099999999995,6248,22,712,274,250.46,2.24,,,
0.22458250000000024,6266,22,716,274,249.34,2.21,,,
0.2212412500000004,6293,22,720,274,248.91,2.2,,,
0.2187662500000006,6313,23,724,274,248.91,2.2,,,
0.21542499999999964,6340,23,728,274,248.87,2.2,,,
0.2091137500000001,6391,23,732,274,249.35,2.21,,,
0.20527750000000022,6422,23,736,274,247.69,2.17,,,
0.20168874999999975,6451,23,740,274,248.15,2.18,,,
0.1969862499999997,6489,23,744,274,248.15,2.18,,,
0.19104625000000042,6537,23,748,274,248.29,2.19,,,
0.1873337500000002,6567,23,752,274,249.81,2.22,,,
0.18485875000000052,6587,24,756,274,249.48,2.21,,,
0.18151749999999955,6614,24,760,274,247.91,2.17,,,
0.17644375000000034,6655,24,764,274,247.91,2.17,,,
0.17285499999999998,6684,24,768,274,247.79,2.17,,,
0.16778124999999966,6725,24,772,274,247.88,2.17,,,
0.1655537500000005,6743,24,776,274,247.87,2.17,,,
0.16023249999999956,6786,24,780,274,248.21,2.17,,,
0.15775749999999988,6806,24,784,274,248.21,2.17,,,
0.15330250000000045,6842,24,788,274,247.26,2.15,,,
0.15082749999999967,6862,25,792,274,246.1,2.12,,,
0.1486000000000004,6880,25,796,273,246.06,2.12,,,
0.14612500000000073,6900,25,800,273,245.25,2.1,,,
0.14253625000000014,6929,25,804,273,245.25,2.1,,,
0.13894749999999978,6958,25,808,273,243.2,2.03,,,
0.1316462500000004,7017,25,812,273,243.25,2.03,,,
0.12917125000000051,7037,25,816,273,242.85,2.02,,,
0.12558250000000015,7066,25,820,273,242.93,2.02,,,
0.12335499999999988,7084,25,824,273,242.93,2.02,,,
0.11642499999999956,7140,26,828,273,243.02,2.02,,,
0.11419750000000028,7158,26,832,273,243.05,2.03,,,
0.11060874999999992,7187,26,836,273,243.2,2.03,,,
0.10701999999999945,7216,26,840,273,243.63,2.04,,,
0.10256500000000002,7252,26,844,273,243.63,2.04,,,
0.09872875000000014,7283,26,848,273,243.87,2.05,,,
0.0947687499999994,7315,26,852,273,244.35,2.06,,,
0.09254125000000024,7333,26,856,273,243.58,2.04,,,
0.0864775000000001,7382,26,860,273,244.4,2.06,,,
0.08264125000000022,7413,27,864,273,244.4,2.06,,,
0.07645375000000032,7463,27,868,273,243.82,2.04,,,
0.07397874999999954,7483,27,872,273,244.2,2.05,,,
0.06915249999999984,7522,27,876,274,242.78,2.02,,,
0.06556375000000048,7551,27,880,273,242.22,2.0,,,
0.06197500000000011,7580,27,884,274,242.22,2.0,,,
0.05801500000000037,7612,27,888,274,242.41,2.0,,,
0.05553999999999959,7632,27,892,274,240.89,1.97,,,
0.05071374999999989,7671,27,896,274,241.12,1.98,,,
0.045763750000000436,7711,28,900,274,241.38,1.98,,,
0.03920500000000038,7764,28,904,274,241.38,1.98,,,
0.03524499999999975,7796,28,908,274,241.17,1.97,,,
0.031037499999999607,7830,28,912,274,241.39,1.98,,,
0.029057499999999847,7846,28,916,274,240.56,1.97,,,
0.026829999999999465,7864,28,920,273,237.97,1.9,,,
0.018415000000000514,7932,28,924,274,237.97,1.9,,,
0.01593999999999951,7952,29,928,274,238.67,1.92,,,
0.011237499999999678,7990,29,932,274,238.11,1.9,,,
0.01,8020,29,936,274,238.41,1.91,,,
0.01,8049,29,940,274,237.74,1.9,,,
0.01,8085,29,944,274,237.74,1.9,,,
0.01,8146,29,948,274,238.01,1.91,,,
0.01,8175,29,952,274,239.0,1.93,,,
0.01,8195,29,956,274,238.47,1.92,,,
0.01,8256,30,960,274,238.5,1.92,,,
0.01,8297,30,964,275,238.5,1.92,,,
0.01,8338,30,968,275,239.28,1.93,,,
0.01,8356,30,972,275,239.55,1.94,,,
0.01,8406,30,976,275,239.51,1.94,,,
0.01,8454,30,980,275,238.75,1.92,,,
0.01,8490,30,984,275,238.75,1.92,,,
0.01,8510,30,988,275,238.74,1.92,,,
0.01,8548,31,992,275,238.02,1.9,,,
0.01,8566,31,996,275,237.85,1.9,,,
0.01,8591,31,1000,275,236.25,1.87,,,
0.01,8639,31,1004,275,236.25,1.87,,,
0.01,8659,31,1008,275,236.12,1.86,,,
0.01,8713,31,1012,275,236.54,1.87,,,
0.01,8742,31,1016,275,235.98,1.85,,,
0.01,8776,31,1020,275,235.67,1.84,,,
0.01,8796,31,1024,275,235.67,1.84,,,
0.01,8854,32,1028,276,236.14,1.85,,,
0.01,8893,32,1032,276,237.54,1.89,,,
0.01,8923,32,1036,276,237.09,1.88,,,
0.01,8952,32,1040,276,236.13,1.86,,,
0.01,8975,32,1044,276,236.13,1.86,,,
0.01,9004,32,1048,275,235.97,1.86,,,
0.01,9020,32,1052,275,234.46,1.83,,,
0.01,9068,32,1056,275,234.33,1.82,,,
0.01,9114,33,1060,275,234.96,1.84,,,
0.01,9143,33,1064,275,234.96,1.84,,,
0.01,9173,33,1068,275,233.81,1.81,,,
0.01,9193,33,1072,275,233.54,1.8,,,
0.01,9209,33,1076,275,232.07,1.76,,,
0.01,9236,33,1080,275,231.87,1.75,,,
0.01,9297,33,1084,276,231.87,1.75,,,
0.01,9333,33,1088,276,232.83,1.78,,,
0.01,9364,33,1092,276,232.68,1.77,,,
0.01,9397,34,1096,275,231.76,1.74,,,
0.01,9435,34,1100,275,232.21,1.76,,,
0.01,9476,34,1104,275,232.21,1.76,,,
0.01,9496,34,1108,275,232.52,1.76,,,
0.01,9516,34,1112,275,231.95,1.74,,,
0.01,9556,34,1116,275,232.12,1.74,,,
0.01,9599,34,1120,275,232.6,1.75,,,
0.01,9633,34,1124,275,232.6,1.75,,,
0.01,9669,35,1128,275,231.5,1.73,,,
0.01,9687,35,1132,275,231.01,1.72,,,
0.01,9734,35,1136,275,231.97,1.75,,,
0.01,9780,35,1140,275,232.94,1.78,,,
0.01,9820,35,1144,275,232.94,1.78,,,
0.01,9836,35,1148,275,233.4,1.79,,,
0.01,9856,35,1152,275,232.76,1.77,,,
0.01,9885,35,1156,275,232.5,1.76,,,
0.01,9933,36,1160,275,233.72,1.79,,,
0.01,9962,36,1164,275,233.72,1.79,,,
0.01,9991,36,1168,275,234.3,1.8,,,
0.01,10021,36,1172,273,234.14,1.8,5e-05,0.016816670075058937,5
0.01,10059,37,1176,270,234.31,1.8,5e-05,0.029957162216305733,14
0.01,10093,37,1180,267,234.48,1.81,5e-05,0.041058994829654694,23
0.01,10125,38,1184,265,234.48,1.81,5e-05,0.01732001267373562,31
0.01,10159,38,1188,263,234.32,1.81,5e-05,0.028678659349679947,39
0.01,10193,39,1192,261,234.06,1.81,5e-05,0.04249941185116768,48
0.01,10221,39,1196,257,234.4,1.82,5e-05,0.029377693310379982,55
0.01,10259,40,1200,254,233.71,1.8,5e-05,0.01579892635345459,64
0.01,10279,40,1204,253,233.71,1.8,5e-05,0.015934396535158157,69
0.01,10299,41,1208,250,232.28,1.76,5e-05,0.028897814452648163,74
0.01,10366,42,1212,246,231.97,1.75,5e-05,0.014962911605834961,91
0.01,10408,42,1216,243,234.86,1.86,5e-05,0.014887567609548569,101
0.01,10428,43,1220,241,234.56,1.85,5e-05,0.0022613543551415205,106
0.01,10448,43,1224,240,234.56,1.85,5e-05,0.015600659884512424,111
0.01,10468,43,1228,238,234.63,1.85,5e-05,0.042579106986522675,116
0.01,10524,44,1232,234,233.93,1.83,5e-05,0.015453734435141087,130
0.01,10544,45,1236,232,234.52,1.85,5e-05,0.014835263602435589,135
0.01,10575,46,1240,229,234.39,1.85,5e-05,0.02929171547293663,143
0.01,10595,46,1244,227,234.39,1.85,5e-05,0.01527744997292757,148
0.01,10626,46,1248,226,233.93,1.83,5e-05,0.001246255007572472,156
0.01,10646,47,1252,224,232.57,1.8,5e-05,0.015115114860236645,161
0.01,10677,47,1256,222,232.78,1.81,5e-05,0.05699090287089348,169
0.01,10727,48,1260,220,233.56,1.83,5e-05,0.029826752841472626,181
0.01,10747,49,1264,219,233.56,1.83,5e-05,0.03002394363284111,186
0.01,10767,49,1268,217,232.75,1.8,5e-05,0.0011896431678906083,191
0.01,10803,50,1272,215,232.55,1.8,5e-05,0.015014108270406723,200
0.01,10823,50,1276,214,232.46,1.79,5e-05,0.0016526865074411035,205
0.01,10843,50,1280,213,231.39,1.77,5e-05,0.041913338005542755,210
0.01,10881,51,1284,211,231.39,1.77,5e-05,0.05706852674484253,220
0.01,10912,52,1288,208,232.22,1.79,5e-05,0.0690179318189621,227
0.01,10975,53,1292,205,232.56,1.79,5e-05,0.01501220278441906,243
0.01,11013,54,1296,203,234.67,1.84,5e-05,0.0008912457851693034,253
0.01,11033,54,1300,202,234.67,1.84,5e-05,0.01515656802803278,258
0.01,11071,54,1304,201,234.67,1.84,5e-05,0.0026152050122618675,267
0.01,11091,55,1308,201,234.93,1.85,5e-05,0.03138650581240654,272
0.01,11129,55,1312,199,234.42,1.84,5e-05,0.015994610264897346,282
0.01,11167,56,1316,198,234.41,1.84,5e-05,0.0019621308892965317,291
0.01,11187,56,1320,197,234.19,1.83,5e-05,0.016078177839517593,296
0.01,11218,57,1324,196,234.19,1.83,5e-05,0.003228209214285016,304
0.01,11238,57,1328,196,234.63,1.84,5e-05,0.030054206028580666,309
0.01,11276,57,1332,194,233.44,1.8,5e-05,0.015900425612926483,318
0.01,11308,58,1336,193,234.05,1.82,5e-05,0.0018699622014537454,326
0.01,11328,58,1340,193,233.77,1.81,5e-05,0.01614532619714737,331
0.01,11373,59,1344,191,233.77,1.81,5e-05,0.029247652739286423,343
0.01,11393,59,1348,191,234.12,1.82,5e-05,0.028321418911218643,348
0.01,11429,60,1352,190,233.68,1.81,5e-05,0.0020855343900620937,357
0.01,11475,60,1356,189,234.18,1.83,5e-05,0.03129463270306587,368
0.01,11501,61,1360,188,233.81,1.83,5e-05,0.030356796458363533,375
0.01,11537,61,1364,187,233.81,1.83,5e-05,0.08430708944797516,384
0.01,11557,61,1368,186,233.86,1.84,5e-05,0.017225028946995735,389
0.01,11577,62,1372,186,232.62,1.81,5e-05,0.01728532835841179,394
0.01,11658,63,1376,184,232.9,1.82,5e-05,0.0005971875507384539,414
0.01,11678,63,1380,183,234.07,1.85,5e-05,0.0009052806999534369,419
0.01,11707,64,1384,182,234.07,1.85,5e-05,0.016624856740236282,426
0.01,11727,64,1388,182,233.66,1.84,5e-05,0.030401797965168953,431
0.01,11747,64,1392,181,233.61,1.84,5e-05,0.01595611870288849,436
0.01,11767,64,1396,181,232.83,1.82,5e-05,0.015226708725094795,441
0.01,11787,65,1400,180,232.07,1.8,5e-05,0.015252655372023582,446
0.01,11846,66,1404,179,232.07,1.8,5e-05,0.05666075646877289,461
0.01,11880,66,1408,178,232.33,1.81,5e-05,0.02961180917918682,469
0.01,11911,66,1412,177,232.13,1.8,5e-05,0.05793945491313934,477
0.01,11931,67,1416,177,232.9,1.81,5e-05,0.00234767934307456,482
0.01,11951,67,1420,176,232.85,1.81,5e-05,0.044372182339429855,487
0.01,11983,68,1424,176,232.85,1.81,5e-05,0.08576811850070953,495
0.01,12057,69,1428,174,233.0,1.81,5e-05,0.04416343569755554,514
0.01,12109,69,1432,173,234.32,1.85,5e-05,0.017465272918343544,527
0.01,12153,70,1436,172,234.91,1.86,5e-05,0.002906047971919179,538
0.01,12173,70,1440,171,234.61,1.85,5e-05,0.0049942051991820335,543
0.01,12193,71,1444,171,234.61,1.85,5e-05,0.018013598397374153,548
0.01,12231,71,1448,170,234.15,1.83,5e-05,0.0037474650889635086,557
0.01,12279,72,1452,169,233.54,1.82,5e-05,0.0013811661629006267,569
0.01,12299,72,1456,169,233.82,1.83,5e-05,0.018386872485280037,574
0.01,12319,73,1460,168,232.09,1.79,5e-05,0.0318368524312973,579
0.01,12388,74,1464,167,232.09,1.79,5e-05,0.017012976109981537,596
0.01,12422,74,1468,166,232.86,1.82,5e-05,0.01888992078602314,605
0.01,12449,75,1472,164,233.29,1.83,5e-05,0.04595892131328583,612
0.01,12476,76,1476,163,232.62,1.81,5e-05,0.031903717666864395,618
0.01,12522,77,1480,162,232.61,1.81,5e-05,0.0166311077773571,630
0.01,12542,77,1484,161,232.61,1.81,5e-05,0.05941184610128403,635
0.01,12562,77,1488,161,231.77,1.79,5e-05,0.021084394305944443,640
0.01,12582,78,1492,160,231.26,1.78,5e-05,0.01891770400106907,645
0.01,12602,78,1496,160,230.99,1.77,5e-05,0.06047983840107918,650
0.01,12640,79,1500,159,231.63,1.78,5e-05,0.0041654943488538265,659
0.01,12678,79,1504,158,231.63,1.78,5e-05,0.016670580953359604,669
0.01,12698,80,1508,158,231.26,1.77,5e-05,0.01788913831114769,674
0.01,12732,80,1512,157,230.98,1.77,5e-05,0.0009443919407203794,682
0.01,12773,81,1516,156,230.96,1.78,5e-05,0.004151925910264254,693
0.01,12822,82,1520,155,231.48,1.83,5e-05,0.016272123903036118,705
0.01,12849,82,1524,155,231.48,1.83,5e-05,0.04097144305706024,712
0.01,12916,83,1528,153,231.43,1.84,5e-05,0.005596531555056572,728
0.01,12936,84,1532,153,231.53,1.84,5e-05,0.046098995953798294,733
0.01,12954,84,1536,152,230.64,1.82,5e-05,0.01765998639166355,738
0.01,12998,85,1540,151,231.41,1.84,5e-05,0.016986412927508354,749
0.01,13036,86,1544,150,231.41,1.84,5e-05,0.01656350865960121,758
0.01,13063,86,1548,150,231.85,1.85,5e-05,0.019349586218595505,765
0.01,13123,88,1552,148,233.49,1.89,5e-05,0.006460776086896658,780
0.01,13143,88,1556,148,232.18,1.86,5e-05,0.018961897119879723,785
0.01,13163,89,1560,147,231.31,1.83,5e-05,0.017065128311514854,790
0.01,13183,89,1564,147,231.31,1.83,5e-05,0.034171927720308304,795
0.01,13236,90,1568,146,231.77,1.84,5e-05,0.07523054629564285,808
0.01,13270,91,1572,145,231.79,1.85,5e-05,0.01908334717154503,817
0.01,13302,91,1576,144,233.11,1.88,5e-05,0.019079608842730522,825
0.01,13372,93,1580,143,234.75,1.93,5e-05,0.01836802437901497,842
0.01,13432,94,1584,142,234.75,1.93,5e-05,0.003220262238755822,857
0.01,13466,94,1588,141,234.67,1.92,5e-05,0.06228352710604668,866
0.01,13514,95,1592,141,234.96,1.93,5e-05,0.043571580201387405,878
0.01,13552,96,1596,140,236.65,1.97,5e-05,0.046092987060546875,887
0.01,13610,97,1600,139,236.86,1.97,5e-05,0.015694262459874153,902
0.01,13651,98,1604,139,236.86,1.97,5e-05,0.030828043818473816,912
0.01,13678,98,1608,138,236.9,1.97,5e-05,0.0029636877588927746,919
0.01,13709,98,1612,138,237.15,1.98,5e-05,0.018703849986195564,927
0.01,13741,99,1616,138,237.73,1.99,5e-05,0.035058919340372086,935
0.01,13761,99,1620,137,236.38,1.96,5e-05,0.048213884234428406,940
0.01,13781,100,1624,137,236.38,1.96,5e-05,0.017155401408672333,945
0.01,13815,100,1628,137,236.04,1.94,5e-05,0.0629761591553688,953
0.01,13866,101,1632,136,236.19,1.95,5e-05,0.07511129230260849,966
0.01,13931,102,1636,135,237.1,1.97,5e-05,0.006829597521573305,982
0.01,13962,103,1640,135,237.63,1.97,5e-05,0.018378417938947678,990
0.01,13982,103,1644,135,237.63,1.97,5e-05,0.032041437923908234,995
0.01,14011,103,1648,134,236.58,1.95,5e-05,0.035559993237257004,1002
0.01,14031,104,1652,134,237.14,1.96,5e-05,0.03818700835108757,1007
0.01,14051,104,1656,134,236.75,1.95,5e-05,0.02441495843231678,1012
0.01,14071,104,1660,134,235.63,1.92,5e-05,0.02584362030029297,1017
0.01,14109,105,1664,133,235.63,1.92,5e-05,0.02177652157843113,1027
0.01,14129,105,1668,133,235.83,1.93,5e-05,0.035352639853954315,1032
0.01,14149,106,1672,132,234.87,1.91,5e-05,0.0042241779156029224,1037
0.01,14169,107,1676,132,234.13,1.89,5e-05,0.01660367101430893,1042
0.01,14200,107,1680,131,233.91,1.88,5e-05,0.05170357599854469,1049
0.01,14220,108,1684,131,233.91,1.88,5e-05,0.021789968013763428,1054
0.01,14251,108,1688,131,233.34,1.86,5e-05,0.017782405018806458,1062
0.01,14271,108,1692,130,233.19,1.85,5e-05,0.04791818931698799,1067
0.01,14312,109,1696,130,233.08,1.85,5e-05,0.04146650806069374,1077
0.01,14353,110,1700,130,233.0,1.86,5e-05,0.017029840499162674,1088
0.01,14380,110,1704,130,233.0,1.86,5e-05,0.0056410422548651695,1094
0.01,14434,111,1708,129,233.95,1.89,5e-05,0.04579661786556244,1108
0.01,14452,111,1712,129,234.4,1.91,5e-05,0.014497045427560806,1112
0.01,14508,112,1716,128,232.32,1.82,5e-05,0.03465142846107483,1126
0.01,14546,113,1720,128,233.76,1.86,5e-05,0.060351528227329254,1136
0.01,14580,113,1724,128,233.76,1.86,5e-05,0.03795915096998215,1144
0.01,14626,114,1728,128,234.51,1.89,5e-05,0.0038978576194494963,1156
0.01,14646,114,1732,127,234.34,1.89,5e-05,0.05272957682609558,1161
0.01,14666,114,1736,127,233.82,1.87,5e-05,0.013741499744355679,1166
0.01,14686,115,1740,127,233.22,1.85,5e-05,0.005434341728687286,1171
0.01,14706,115,1744,127,233.22,1.85,5e-05,0.019055506214499474,1176
0.01,14726,115,1748,127,232.66,1.84,5e-05,0.01741434447467327,1181
0.01,14746,116,1752,127,232.53,1.84,5e-05,0.006935346871614456,1186
0.01,14817,117,1756,126,232.59,1.84,5e-05,0.03031957522034645,1204
0.01,14848,117,1760,126,233.67,1.87,5e-05,0.019043264910578728,1211
0.01,14875,117,1764,126,233.67,1.87,5e-05,0.02904493547976017,1218
0.01,14904,118,1768,125,233.92,1.88,5e-05,0.008507086895406246,1225
0.01,14936,118,1772,125,233.52,1.87,5e-05,0.030419886112213135,1233
0.01,14956,119,1776,125,234.05,1.89,5e-05,0.01971128024160862,1238
0.01,14983,119,1780,125,234.43,1.9,5e-05,0.0015869917115196586,1245
0.01,15021,120,1784,125,234.43,1.9,5e-05,0.04440311715006828,1255
0.01,15041,120,1788,124,234.46,1.9,5e-05,0.023552479222416878,1260
0.01,15061,120,1792,124,233.33,1.88,5e-05,0.02410460263490677,1265
0.01,15100,121,1796,124,231.24,1.83,5e-05,0.0303413737565279,1274
0.01,15141,121,1800,124,232.97,1.88,5e-05,0.006835937965661287,1285
0.01,15161,122,1804,124,232.97,1.88,5e-05,0.018797829747200012,1290
0.01,15204,122,1808,123,232.27,1.86,5e-05,0.004720453638583422,1300
0.01,15243,123,1812,123,232.97,1.87,5e-05,0.04067232087254524,1310
0.01,15292,124,1816,123,233.3,1.92,5e-05,0.019676657393574715,1322
0.01,15341,124,1820,122,234.55,2.0,5e-05,0.026098035275936127,1335
0.01,15368,125,1824,122,234.55,2.0,5e-05,0.03341466188430786,1341
0.01,15388,125,1828,122,234.33,2.0,5e-05,0.05460035055875778,1346
0.01,15419,125,1832,122,234.1,2.0,5e-05,0.02858063578605652,1354
0.01,15456,126,1836,122,233.64,1.99,5e-05,0.028494782745838165,1363
0.01,15496,126,1840,122,234.8,2.02,5e-05,0.018090395256876945,1373
0.01,15530,127,1844,121,234.8,2.02,5e-05,0.012923321686685085,1382
0.01,15595,128,1848,121,234.58,2.02,5e-05,0.006251243408769369,1398
0.01,15611,128,1852,121,236.13,2.06,5e-05,0.020239461213350296,1402
0.01,15660,129,1856,121,235.37,2.04,5e-05,0.006275927647948265,1414
0.01,15692,129,1860,120,235.76,2.04,5e-05,0.013683278113603592,1422
0.01,15740,130,1864,120,235.76,2.04,5e-05,0.008176752366125584,1434
0.01,15765,130,1868,120,236.21,2.05,5e-05,0.02809535153210163,1441
0.01,15792,131,1872,120,236.87,2.07,5e-05,0.006595656741410494,1447
0.01,15830,131,1876,120,236.14,2.05,5e-05,0.01991373859345913,1457
0.01,15870,132,1880,119,235.97,2.04,5e-05,0.02309572324156761,1467
0.01,15899,132,1884,119,235.97,2.04,5e-05,0.03882425278425217,1474
0.01,15929,133,1888,119,236.49,2.05,5e-05,0.02039993368089199,1482
0.01,15963,133,1892,119,236.51,2.05,5e-05,0.04096692055463791,1490
0.01,16002,134,1896,119,237.6,2.08,5e-05,0.015586815774440765,1500
0.01,16027,134,1900,119,238.31,2.1,5e-05,0.004620292689651251,1506
0.01,16070,135,1904,118,238.31,2.1,5e-05,0.029242990538477898,1517
0.01,16118,135,1908,118,237.5,2.09,5e-05,0.03572084754705429,1529
0.01,16174,136,1912,118,239.29,2.15,5e-05,0.027149949222803116,1543
0.01,16233,137,1916,118,239.6,2.16,5e-05,0.013233805075287819,1558
0.01,16261,137,1920,117,240.67,2.19,5e-05,0.04890860989689827,1565
0.01,16288,138,1924,117,240.67,2.19,5e-05,0.017999056726694107,1571
0.01,16334,138,1928,117,239.26,2.16,5e-05,0.004682975355535746,1583
0.01,16409,139,1932,117,239.22,2.16,5e-05,0.0070893121883273125,1602
0.01,16453,140,1936,117,239.17,2.17,5e-05,0.006826862692832947,1613
0.01,16497,141,1940,116,240.85,2.21,5e-05,0.03485492989420891,1624
0.01,16535,141,1944,116,240.85,2.21,5e-05,0.017168495804071426,1633
0.01,16571,142,1948,116,241.5,2.23,5e-05,0.005937401670962572,1642
0.01,16675,143,1952,116,242.93,2.26,5e-05,0.0026296181604266167,1668
0.01,16708,144,1956,115,244.43,2.3,5e-05,0.03417380154132843,1676
0.01,16806,145,1960,115,247.66,2.37,5e-05,0.027926117181777954,1701
0.01,16826,145,1964,115,247.66,2.37,5e-05,0.013682880438864231,1706
0.01,16846,145,1968,115,245.59,2.31,5e-05,0.03910866007208824,1711
0.01,16880,146,1972,115,245.21,2.3,5e-05,0.017694640904664993,1719
0.01,16928,147,1976,115,246.21,2.33,5e-05,0.0041902996599674225,1731
0.01,16964,147,1980,114,245.57,2.32,5e-05,0.013730340637266636,1740
0.01,16993,148,1984,114,245.57,2.32,5e-05,0.004133977927267551,1748
0.01,17009,148,1988,114,246.02,2.33,5e-05,0.017340831458568573,1752
0.01,17054,148,1992,114,246.3,2.34,5e-05,0.024644793942570686,1763
0.01,17082,149,1996,114,247.42,2.37,5e-05,0.012122148647904396,1770
0.01,17114,149,2000,114,247.15,2.37,5e-05,0.020199287682771683,1778
0.01,17146,150,2004,114,247.15,2.37,5e-05,0.020568769425153732,1786
0.01,17180,150,2008,113,246.85,2.37,5e-05,0.03740473836660385,1794
0.01,17206,151,2012,113,246.81,2.37,5e-05,0.024952886626124382,1801
0.01,17242,151,2016,113,246.51,2.36,5e-05,0.018277332186698914,1810
0.01,17274,152,2020,113,246.28,2.32,5e-05,0.006534572225064039,1818
0.01,17299,152,2024,113,246.28,2.32,5e-05,0.006420840509235859,1824
0.01,17349,153,2028,113,246.33,2.32,5e-05,0.013162827119231224,1837
0.01,17374,153,2032,113,245.55,2.3,5e-05,0.013565558940172195,1843
0.01,17401,154,2036,112,246.24,2.32,5e-05,0.0367920845746994,1850
0.01,17437,154,2040,112,245.92,2.31,5e-05,0.026674345135688782,1859
0.01,17475,155,2044,112,245.92,2.31,5e-05,0.009501123800873756,1868
0.01,17507,155,2048,112,245.92,2.31,5e-05,0.022396225482225418,1876
0.01,17534,155,2052,112,244.47,2.28,5e-05,0.004389870446175337,1883
0.01,17561,156,2056,112,245.11,2.3,5e-05,0.005820878315716982,1890
0.01,17605,156,2060,112,245.98,2.33,5e-05,0.00873853825032711,1901
0.01,17625,157,2064,112,245.98,2.33,5e-05,0.028877561911940575,1906
0.01,17663,157,2068,112,245.28,2.31,5e-05,0.007600603625178337,1915
0.01,17683,157,2072,111,245.66,2.31,5e-05,0.03034769371151924,1920
0.01,17710,158,2076,111,244.6,2.29,5e-05,0.017054803669452667,1927
0.01,17742,158,2080,111,243.2,2.24,5e-05,0.0114185381680727,1935
0.01,17762,159,2084,111,243.2,2.24,5e-05,0.007601209916174412,1940
0.01,17800,159,2088,111,241.42,2.2,5e-05,0.00487358495593071,1949
0.01,17838,160,2092,111,241.15,2.19,5e-05,0.01647908240556717,1959
0.01,17870,160,2096,111,240.77,2.18,5e-05,0.002065339358523488,1967
0.01,17901,161,2100,111,239.57,2.15,5e-05,0.017069151625037193,1975
0.01,17921,161,2104,111,239.57,2.15,5e-05,0.02567841298878193,1980
0.01,17952,161,2108,110,238.71,2.13,5e-05,0.023008614778518677,1987
0.01,17972,162,2112,110,238.77,2.13,5e-05,0.015612646006047726,1992
0.01,18006,162,2116,110,238.53,2.13,5e-05,0.0404294915497303,2001
0.01,18033,163,2120,110,238.7,2.14,5e-05,0.04054999351501465,2008
0.01,18056,163,2124,110,238.7,2.14,5e-05,0.008993331342935562,2013
0.01,18092,163,2128,110,239.02,2.16,5e-05,0.05191949009895325,2022
0.01,18130,164,2132,110,238.62,2.15,5e-05,0.017124494537711143,2032
0.01,18158,164,2136,110,237.37,2.12,5e-05,0.007945914752781391,2039
0.01,18187,165,2140,110,236.23,2.1,5e-05,0.014255894348025322,2046
0.01,18216,165,2144,109,236.23,2.1,5e-05,0.03394034132361412,2053
0.01,18243,166,2148,109,236.81,2.11,5e-05,0.014597521163523197,2060
0.01,18271,166,2152,109,237.07,2.12,5e-05,0.014332054182887077,2067
0.01,18323,167,2156,109,237.68,2.14,5e-05,0.023437459021806717,2080
0.01,18355,167,2160,109,238.58,2.16,5e-05,0.007921566255390644,2088
0.01,18384,168,2164,109,238.58,2.16,5e-05,0.014763978309929371,2095
0.01,18409,168,2168,109,238.13,2.15,5e-05,0.027460655197501183,2102
0.01,18447,169,2172,109,238.74,2.17,5e-05,0.032648053020238876,2111
0.01,18475,169,2176,109,239.39,2.19,5e-05,0.004878499545156956,2118
0.01,18512,169,2180,108,239.72,2.2,5e-05,0.017203811556100845,2127
0.01,18532,170,2184,108,239.72,2.2,5e-05,0.013604089617729187,2132
0.01,18563,170,2188,108,239.65,2.2,5e-05,0.0080194640904665,2140
0.01,18594,171,2192,108,239.61,2.2,5e-05,0.005558365490287542,2148
0.01,18626,171,2196,108,239.69,2.19,5e-05,0.012046446092426777,2156
0.01,18646,172,2200,108,238.9,2.16,5e-05,0.026748016476631165,2161
0.01,18666,172,2204,108,238.9,2.16,5e-05,0.016785766929388046,2166
0.01,18697,172,2208,108,238.6,2.14,5e-05,0.0027787908911705017,2174
0.01,18715,173,2212,108,237.91,2.12,5e-05,0.005770149640738964,2178
0.01,18735,173,2216,108,237.19,2.1,5e-05,0.00730352196842432,2183
0.01,18755,173,2220,108,235.78,2.06,5e-05,0.017700470983982086,2188
0.01,18775,173,2224,107,235.78,2.06,5e-05,0.00603242265060544,2193
0.01,18825,174,2228,107,234.93,2.03,5e-05,0.019709773361682892,2206
0.01,18845,174,2232,107,235.56,2.04,5e-05,0.018892955034971237,2211
0.01,18865,175,2236,107,235.51,2.04,5e-05,0.02326040528714657,2216
0.01,18885,175,2240,107,235.5,2.04,5e-05,0.006272235885262489,2221
0.01,18905,175,2244,107,235.5,2.04,5e-05,0.0026895273476839066,2226
0.01,18925,176,2248,107,235.72,2.04,5e-05,0.015405441634356976,2231
0.01,18968,176,2252,107,236.69,2.06,5e-05,0.018892697989940643,2241
0.01,18988,177,2256,107,236.2,2.05,5e-05,0.0016955474857240915,2246
0.01,19019,177,2260,107,234.4,2.0,5e-05,0.011452453210949898,2254
0.01,19050,177,2264,107,234.4,2.0,5e-05,0.023590395227074623,2262
0.01,19070,178,2268,106,234.58,2.0,5e-05,0.018991338089108467,2267
0.01,19126,179,2272,106,235.24,2.01,5e-05,0.018508512526750565,2281
0.01,19164,179,2276,106,235.43,2.01,5e-05,0.01238451711833477,2290
0.01,19184,179,2280,106,235.99,2.02,5e-05,0.01869199052453041,2295
0.01,19216,180,2284,106,235.99,2.02,5e-05,0.009432883933186531,2303
0.01,19247,180,2288,106,235.58,2.01,5e-05,0.01281353086233139,2311
0.01,19297,181,2292,106,236.75,2.03,5e-05,0.021823637187480927,2324
0.01,19317,181,2296,106,237.77,2.05,5e-05,0.005271913483738899,2329
0.01,19337,182,2300,106,236.17,2.0,5e-05,0.007629692554473877,2334
0.01,19368,182,2304,106,236.17,2.0,5e-05,0.00928702112287283,2341
0.01,19399,183,2308,105,236.56,2.01,5e-05,0.006700892932713032,2349
0.01,19419,183,2312,105,235.6,1.99,5e-05,0.009341798722743988,2354
0.01,19439,183,2316,105,234.51,1.92,5e-05,0.005524828098714352,2359
0.01,19459,184,2320,105,233.1,1.84,5e-05,0.01080402359366417,2364
0.01,19479,184,2324,105,233.1,1.84,5e-05,0.014184831641614437,2369
0.01,19519,184,2328,105,232.99,1.83,5e-05,0.009267478249967098,2379
0.01,19539,185,2332,105,233.75,1.85,5e-05,0.01974545046687126,2384
0.01,19559,185,2336,105,233.02,1.83,5e-05,0.005849420092999935,2389
0.01,19597,186,2340,105,232.54,1.82,5e-05,0.03474457934498787,2399
0.01,19635,186,2344,105,232.54,1.82,5e-05,0.03543831408023834,2408
0.01,19655,186,2348,105,232.47,1.81,5e-05,0.013145903125405312,2413
0.01,19697,187,2352,105,231.35,1.78,5e-05,0.004318380728363991,2424
0.01,19717,187,2356,104,231.55,1.78,5e-05,0.00978193711489439,2429
0.01,19737,188,2360,104,230.25,1.75,5e-05,0.001690806820988655,2434
0.01,19757,188,2364,104,230.25,1.75,5e-05,0.012993338517844677,2439
0.01,19777,188,2368,104,229.13,1.72,5e-05,0.01551729068160057,2444
0.01,19804,189,2372,104,228.82,1.71,5e-05,0.02358470857143402,2450
0.01,19840,189,2376,104,228.73,1.71,5e-05,0.014041480608284473,2459
0.01,19884,190,2380,104,228.63,1.71,5e-05,0.015814747661352158,2470
0.01,19915,190,2384,104,228.63,1.71,5e-05,0.02044462226331234,2478
0.01,19935,191,2388,104,228.02,1.7,5e-05,0.009377729147672653,2483
0.01,19955,191,2392,104,228.05,1.7,5e-05,0.026494665071368217,2488
0.01,19998,192,2396,104,227.86,1.69,5e-05,0.017112111672759056,2499
0.01,20046,192,2400,103,228.31,1.7,5e-05,0.006935782730579376,2511
0.01,20084,193,2404,103,228.31,1.7,5e-05,0.029349708929657936,2520
0.01,20123,194,2408,103,228.19,1.69,5e-05,0.031649112701416016,2530
0.01,20162,194,2412,103,226.69,1.64,5e-05,0.005365623161196709,2540
0.01,20204,195,2416,103,227.26,1.65,5e-05,0.018833907321095467,2550
0.01,20235,195,2420,103,226.68,1.63,5e-05,0.04046032205224037,2558
0.01,20255,195,2424,103,226.68,1.63,5e-05,0.011168384924530983,2563
0.01,20286,196,2428,103,225.89,1.61,5e-05,0.03229532763361931,2571
0.01,20324,196,2432,103,225.21,1.58,5e-05,0.031969089061021805,2580
0.01,20344,197,2436,103,224.23,1.55,5e-05,0.019701428711414337,2585
0.01,20375,197,2440,103,223.01,1.52,5e-05,0.020536495372653008,2593
0.01,20414,198,2444,103,223.01,1.52,5e-05,0.006651410833001137,2603
0.01,20443,198,2448,103,223.03,1.52,5e-05,0.013867254368960857,2610
0.01,20482,199,2452,102,221.38,1.48,5e-05,0.01995152048766613,2620
0.01,20512,199,2456,102,220.08,1.44,5e-05,0.044118598103523254,2627
0.01,20551,200,2460,102,217.76,1.39,5e-05,0.026584085077047348,2637
0.01,20597,200,2464,102,217.76,1.39,5e-05,0.01097797229886055,2649
0.01,20629,201,2468,102,218.63,1.42,5e-05,0.022869868203997612,2657
0.01,20656,201,2472,102,218.97,1.43,5e-05,0.026366082951426506,2663
0.01,20686,201,2476,102,218.22,1.41,5e-05,0.03418025001883507,2671
0.01,20737,202,2480,102,218.94,1.42,5e-05,0.00609792722389102,2684
0.01,20778,203,2484,102,218.94,1.42,5e-05,0.007875865325331688,2694
0.01,20805,203,2488,102,219.41,1.43,5e-05,0.013618480414152145,2701
0.01,20847,204,2492,102,219.94,1.44,5e-05,0.010800340212881565,2711
0.01,20893,204,2496,101,220.21,1.45,5e-05,0.03228690102696419,2723
0.01,20920,205,2500,101,220.17,1.44,5e-05,0.019073951989412308,2729
0.01,20966,206,2504,101,220.17,1.44,5e-05,0.010542778298258781,2741
0.01,21012,206,2508,101,221.24,1.46,5e-05,0.047434836626052856,2752
0.01,21058,207,2512,101,221.79,1.47,5e-05,0.03181059658527374,2764
0.01,21078,207,2516,101,221.84,1.47,5e-05,0.032515279948711395,2769
0.01,21105,207,2520,101,221.32,1.45,5e-05,0.02444378100335598,2776
0.01,21125,208,2524,101,221.32,1.45,5e-05,0.03884467855095863,2781
0.01,21163,208,2528,101,220.82,1.43,5e-05,0.028778936713933945,2790
0.01,21183,209,2532,101,220.88,1.43,5e-05,0.014955605380237103,2795
0.01,21221,209,2536,101,220.09,1.41,5e-05,0.015002747066318989,2805
0.01,21241,209,2540,101,220.24,1.41,5e-05,0.030307451263070107,2810
0.01,21279,210,2544,101,220.24,1.41,5e-05,0.022357327863574028,2819
0.01,21325,211,2548,100,220.83,1.42,5e-05,0.022463275119662285,2831
0.01,21364,211,2552,100,221.41,1.43,5e-05,0.0193986464291811,2840
0.01,21394,212,2556,100,221.63,1.43,5e-05,0.01385517232120037,2848
0.01,21440,212,2560,100,221.74,1.43,5e-05,0.04125113785266876,2859
0.01,21490,213,2564,100,221.74,1.43,5e-05,0.011118966154754162,2872
0.01,21517,213,2568,100,222.91,1.46,5e-05,0.023785404860973358,2879
0.01,21555,214,2572,100,222.81,1.46,5e-05,0.04215122014284134,2888
0.01,21586,214,2576,100,223.18,1.46,5e-05,0.008443249389529228,2896
0.01,21625,215,2580,100,223.82,1.48,5e-05,0.01777556911110878,2906
0.01,21666,215,2584,100,223.82,1.48,5e-05,0.01743103750050068,2916
0.01,21693,216,2588,100,224.72,1.5,5e-05,0.023676611483097076,2923
0.01,21731,216,2592,100,224.66,1.5,5e-05,0.027150072157382965,2932
0.01,21760,217,2596,100,224.17,1.49,5e-05,0.014276270754635334,2939
0.01,21796,217,2600,100,224.37,1.5,5e-05,0.015972189605236053,2948
0.01,21834,218,2604,99,224.37,1.5,5e-05,0.03923359513282776,2958
0.01,21868,218,2608,99,225.2,1.53,5e-05,0.018639108166098595,2966
0.01,21888,219,2612,99,225.01,1.53,5e-05,0.036356665194034576,2971
0.01,21919,219,2616,99,224.15,1.51,5e-05,0.010363252833485603,2979
0.01,21946,220,2620,99,224.74,1.52,5e-05,0.011372040025889874,2986
0.01,21973,220,2624,99,224.74,1.52,5e-05,0.03585090860724449,2993
0.01,22004,220,2628,99,224.54,1.51,5e-05,0.034744348376989365,3000
0.01,22024,221,2632,99,224.49,1.5,5e-05,0.025356819853186607,3005
0.01,22044,221,2636,99,223.94,1.48,5e-05,0.016705693677067757,3010
0.01,22064,221,2640,99,223.58,1.47,5e-05,0.029902257025241852,3015
0.01,22084,222,2644,99,223.58,1.47,5e-05,0.03383856266736984,3020
0.01,22115,222,2648,99,223.03,1.46,5e-05,0.03147616237401962,3028
0.01,22154,223,2652,99,223.21,1.46,5e-05,0.03888721764087677,3038
0.01,22186,223,2656,99,223.45,1.46,5e-05,0.01317890826612711,3046
0.01,22224,224,2660,99,223.21,1.46,5e-05,0.018420197069644928,3055
0.01,22304,225,2664,99,223.21,1.46,5e-05,0.013821710832417011,3075
0.01,22392,226,2668,98,225.83,1.52,5e-05,0.022212687879800797,3097
0.01,22432,226,2672,98,228.1,1.57,5e-05,0.023465950042009354,3107
0.01,22462,227,2676,98,228.24,1.57,5e-05,0.023884065449237823,3115
0.01,22508,227,2680,98,228.53,1.58,5e-05,0.0429736003279686,3126
0.01,22544,228,2684,98,228.53,1.58,5e-05,0.019532671198248863,3135
0.01,22627,229,2688,98,229.83,1.61,5e-05,0.03353579342365265,3156
0.01,22693,230,2692,98,233.1,1.71,5e-05,0.02499367855489254,3173
0.01,22720,231,2696,98,232.89,1.71,5e-05,0.015741996467113495,3179
0.01,22757,231,2700,98,233.64,1.73,5e-05,0.01796812191605568,3189
0.01,22786,232,2704,98,233.64,1.73,5e-05,0.019909275695681572,3196
0.01,22817,232,2708,98,233.47,1.73,5e-05,0.04006444662809372,3204
0.01,22856,233,2712,98,234.71,1.76,5e-05,0.02217315509915352,3213
0.01,22887,233,2716,97,235.08,1.77,5e-05,0.012538332492113113,3221
0.01,22983,234,2720,97,238.27,1.87,5e-05,0.016788050532341003,3245
0.01,23082,236,2724,97,238.27,1.87,5e-05,0.024668287485837936,3270
0.01,23127,236,2728,97,242.0,1.99,5e-05,0.03219740092754364,3281
0.01,23181,237,2732,97,242.15,2.0,5e-05,0.025234701111912727,3295
0.01,23212,237,2736,97,242.61,2.01,5e-05,0.03040134720504284,3302
0.01,23246,238,2740,97,243.69,2.04,5e-05,0.040846191346645355,3311
0.01,23296,239,2744,97,243.69,2.04,5e-05,0.04161934182047844,3323
0.01,23337,239,2748,97,245.38,2.08,5e-05,0.0127178393304348,3334
0.01,23364,240,2752,97,244.78,2.07,5e-05,0.042050763964653015,3340
0.01,23410,240,2756,97,245.52,2.09,5e-05,0.040211278945207596,3352
0.01,23450,241,2760,97,246.77,2.12,5e-05,0.03307089954614639,3362
0.01,23477,241,2764,97,246.77,2.12,5e-05,0.025178145617246628,3369
0.01,23513,242,2768,97,246.57,2.12,5e-05,0.028502847999334335,3378
0.01,23547,242,2772,97,246.78,2.13,5e-05,0.01736118458211422,3386
0.01,23589,243,2776,97,246.97,2.18,5e-05,0.037482112646102905,3397
0.01,23627,243,2780,96,246.77,2.18,5e-05,0.006090325303375721,3406
0.01,23701,244,2784,96,246.77,2.18,5e-05,0.01731879450380802,3425
0.01,23765,245,2788,96,249.98,2.27,5e-05,0.026743924245238304,3441
0.01,23785,245,2792,96,249.25,2.26,5e-05,0.037637826055288315,3446
0.01,23805,246,2796,96,248.24,2.24,5e-05,0.02065386436879635,3451
0.01,23844,246,2800,96,249.06,2.26,5e-05,0.006869316566735506,3460
0.01,23887,247,2804,96,249.06,2.26,5e-05,0.009404218755662441,3471
0.01,23937,247,2808,96,249.88,2.28,5e-05,0.02468390390276909,3484
0.01,23975,248,2812,96,250.63,2.3,5e-05,0.007766567170619965,3493
0.01,23995,248,2816,96,251.08,2.31,5e-05,0.00756037374958396,3498
0.01,24015,248,2820,96,251.07,2.31,5e-05,0.039413098245859146,3503
0.01,24065,249,2824,96,251.07,2.31,5e-05,0.009887483902275562,3516
0.01,24085,249,2828,96,252.08,2.34,5e-05,0.03446459025144577,3521
0.01,24175,250,2832,96,252.8,2.36,5e-05,0.018458036705851555,3543
0.01,24216,251,2836,96,255.28,2.43,5e-05,0.04317556321620941,3553
0.01,24260,252,2840,96,255.42,2.44,5e-05,0.02305559813976288,3564
0.01,24292,252,2844,96,255.42,2.44,5e-05,0.02875121496617794,3572
0.01,24315,252,2848,96,255.15,2.44,5e-05,0.014614478684961796,3578
0.01,24358,253,2852,96,255.92,2.47,5e-05,0.04379576817154884,3589
0.01,24403,254,2856,96,256.36,2.49,5e-05,0.02216995134949684,3600
0.01,24458,254,2860,96,257.7,2.53,5e-05,0.01891544833779335,3614
0.01,24492,255,2864,95,257.7,2.53,5e-05,0.05015113577246666,3622
0.01,24526,255,2868,95,258.44,2.55,5e-05,0.01600884087383747,3631
0.01,24568,256,2872,95,259.19,2.61,5e-05,0.025195922702550888,3641
0.01,24613,256,2876,95,260.23,2.64,5e-05,0.017707200720906258,3653
0.01,24633,257,2880,95,259.05,2.61,5e-05,0.029892146587371826,3658
0.01,24653,257,2884,95,259.05,2.61,5e-05,0.022814208641648293,3663
0.01,24698,258,2888,95,258.83,2.6,5e-05,0.03210439905524254,3674
0.01,24757,258,2892,95,260.56,2.65,5e-05,0.024324964731931686,3689
0.01,24799,259,2896,95,261.71,2.68,5e-05,0.05134207755327225,3699
0.01,24867,260,2900,95,262.5,2.71,5e-05,0.014875998720526695,3716
0.01,24944,261,2904,95,262.5,2.71,5e-05,0.013605893589556217,3735
0.01,25026,262,2908,95,264.1,2.79,5e-05,0.021558556705713272,3756
0.01,25075,262,2912,95,266.02,2.88,5e-05,0.034901995211839676,3768
0.01,25115,263,2916,95,266.12,2.96,5e-05,0.039584241807460785,3778
0.01,25185,264,2920,95,267.64,3.01,5e-05,0.03336022049188614,3796
0.01,25255,265,2924,95,267.64,3.01,5e-05,0.026989037171006203,3813
0.01,25301,265,2928,95,270.16,3.08,5e-05,0.0306004136800766,3825
0.01,25350,266,2932,95,270.72,3.14,5e-05,0.01832086779177189,3837
0.01,25400,267,2936,95,271.62,3.17,5e-05,0.01900673285126686,3849
0.01,25449,267,2940,95,272.26,3.23,5e-05,0.02569514885544777,3862
0.01,25490,268,2944,94,272.26,3.23,5e-05,0.02889178693294525,3872
0.01,25532,268,2948,94,272.63,3.28,5e-05,0.03033400885760784,3882
0.01,25576,269,2952,94,273.21,3.3,5e-05,0.022484853863716125,3893
0.01,25623,270,2956,94,273.55,3.32,5e-05,0.018544873222708702,3905
0.01,25676,270,2960,94,274.33,3.38,5e-05,0.028827225789427757,3918
0.01,25752,271,2964,94,274.33,3.38,5e-05,0.017246630042791367,3937
0.01,25838,272,2968,94,276.21,3.42,5e-05,0.014199411496520042,3959
0.01,25920,273,2972,94,278.24,3.51,5e-05,0.02644219435751438,3979
0.01,25953,274,2976,94,279.85,3.56,5e-05,0.0366118922829628,3988
0.01,26012,275,2980,94,280.27,3.58,5e-05,0.023139433935284615,4002
0.01,26046,275,2984,94,280.27,3.58,5e-05,0.04187037795782089,4011
0.01,26143,276,2988,94,280.13,3.59,5e-05,0.024344414472579956,4035
0.01,26177,277,2992,94,282.42,3.65,5e-05,0.0342605784535408,4044
0.01,26255,278,2996,94,282.11,3.68,5e-05,0.0267215333878994,4063
0.01,26313,279,3000,94,284.66,3.75,5e-05,0.03388647362589836,4078
0.01,26365,279,3004,94,284.66,3.75,5e-05,0.024683818221092224,4091
0.01,26447,281,3008,94,284.7,3.79,5e-05,0.03308304026722908,4111
0.01,26514,281,3012,94,285.91,3.82,5e-05,0.033495090901851654,4128
0.01,26595,282,3016,93,288.2,3.88,5e-05,0.03462498262524605,4148
0.01,26644,283,3020,93,290.5,3.98,5e-05,0.06178902089595795,4160
0.01,26701,284,3024,93,290.5,3.98,5e-05,0.013464977033436298,4175
0.01,26783,285,3028,93,292.18,4.06,5e-05,0.04000578448176384,4195
0.01,26836,285,3032,93,294.16,4.15,5e-05,0.04417748749256134,4208
0.01,26918,287,3036,93,295.74,4.2,5e-05,0.014087838120758533,4229
0.01,26970,287,3040,93,297.65,4.26,5e-05,0.052045367658138275,4242
0.01,27065,289,3044,93,297.65,4.26,5e-05,0.03282858431339264,4266
0.01,27122,289,3048,93,299.98,4.32,5e-05,0.028626851737499237,4280
0.01,27200,290,3052,93,300.53,4.37,5e-05,0.03318343311548233,4299
0.01,27291,292,3056,93,302.87,4.43,5e-05,0.02093404531478882,4322
0.01,27340,292,3060,93,304.64,4.51,5e-05,0.021103480830788612,4334
0.01,27385,293,3064,93,304.64,4.51,5e-05,0.028716769069433212,4346
0.01,27450,294,3068,93,304.78,4.52,5e-05,0.006711283233016729,4362
0.01,27504,295,3072,93,306.21,4.59,5e-05,0.022300351411104202,4375
0.01,27549,295,3076,93,306.94,4.62,5e-05,0.018276920542120934,4387
0.01,27598,296,3080,93,307.43,4.67,5e-05,0.0149326641112566,4399
0.01,27683,297,3084,93,307.43,4.67,5e-05,0.02874605730175972,4420
0.01,27761,298,3088,92,309.29,4.72,5e-05,0.026447290554642677,4440
0.01,27809,299,3092,92,311.46,4.78,5e-05,0.03354064002633095,4452
0.01,27891,300,3096,92,312.21,4.84,5e-05,0.016671111807227135,4472
0.01,27940,301,3100,92,314.52,4.93,5e-05,0.02569948136806488,4484
0.01,28025,302,3104,92,314.52,4.93,5e-05,0.01666421815752983,4506
0.01,28099,303,3108,92,316.35,4.98,5e-05,0.02501872554421425,4524
0.01,28184,304,3112,92,318.82,5.04,5e-05,0.03716077655553818,4545
0.01,28258,305,3116,92,321.35,5.11,5e-05,0.022550776600837708,4564
0.01,28303,306,3120,92,323.05,5.16,5e-05,0.025967538356781006,4575
0.01,28351,306,3124,92,323.05,5.16,5e-05,0.030220044776797295,4587
0.01,28433,307,3128,92,324.24,5.23,5e-05,0.01708948239684105,4608
0.01,28485,308,3132,92,326.63,5.3,5e-05,0.014266886748373508,4621
0.01,28519,308,3136,92,327.75,5.34,5e-05,0.022761426866054535,4629
0.01,28546,309,3140,92,328.1,5.35,5e-05,0.0516592301428318,4636
0.01,28603,310,3144,92,328.1,5.35,5e-05,0.037725627422332764,4650
0.01,28688,311,3148,92,329.93,5.4,5e-05,0.013090860098600388,4671
0.01,28748,312,3152,92,331.89,5.46,5e-05,0.021686067804694176,4686
0.01,28830,313,3156,92,333.01,5.53,5e-05,0.021290678530931473,4707
0.01,28882,313,3160,91,335.08,5.59,5e-05,0.03022371605038643,4720
0.01,28967,315,3164,91,335.08,5.59,5e-05,0.016789592802524567,4741
0.01,29024,315,3168,91,335.11,5.6,5e-05,0.02560051530599594,4755
0.01,29110,317,3172,91,334.38,5.58,5e-05,0.018620721995830536,4777
0.01,29166,318,3176,91,336.56,5.64,5e-05,0.017002252861857414,4791
0.01,29215,318,3180,91,337.37,5.69,5e-05,0.030392266809940338,4803
0.01,29267,319,3184,91,337.37,5.69,5e-05,0.020798182114958763,4816
0.01,29325,320,3188,91,337.87,5.74,5e-05,0.02988084778189659,4831
0.01,29440,321,3192,91,337.53,5.71,5e-05,0.01384027861058712,4859
0.01,29514,322,3196,91,339.11,5.76,5e-05,0.021220285445451736,4878
0.01,29563,323,3200,91,341.21,5.85,5e-05,0.027090441435575485,4890
0.01,29644,324,3204,91,341.21,5.85,5e-05,0.017689168453216553,4910
0.01,29730,325,3208,91,343.89,5.92,5e-05,0.009969767183065414,4932
0.01,29812,326,3212,91,345.58,6.0,5e-05,0.01934158243238926,4952
0.01,29897,327,3216,91,348.1,6.07,5e-05,0.021641789004206657,4974
0.01,29969,328,3220,91,348.57,6.07,5e-05,0.017858099192380905,4992
0.01,30043,329,3224,91,348.57,6.07,5e-05,0.010562272742390633,5010
0.01,30091,330,3228,91,347.22,6.02,5e-05,0.0433989018201828,5022
0.01,30144,331,3232,91,347.4,6.06,5e-05,0.042219147086143494,5035
0.01,30197,331,3236,90,348.69,6.1,5e-05,0.036622580140829086,5049
0.01,30244,332,3240,90,349.14,6.18,5e-05,0.033549580723047256,5060
0.01,30296,333,3244,90,349.14,6.18,5e-05,0.020197533071041107,5073
0.01,30383,334,3248,90,349.06,6.19,5e-05,0.03295813873410225,5095
0.01,30429,335,3252,90,351.8,6.25,5e-05,0.02204742841422558,5107
0.01,30481,335,3256,90,352.86,6.28,5e-05,0.01859993487596512,5120
0.01,30523,336,3260,90,352.52,6.31,5e-05,0.043589137494564056,5130
0.01,30564,336,3264,90,352.52,6.31,5e-05,0.011596051044762135,5140
0.01,30639,337,3268,90,353.29,6.37,5e-05,0.01875164359807968,5159
0.01,30691,338,3272,90,354.6,6.41,5e-05,0.020564822480082512,5172
0.01,30773,339,3276,90,355.1,6.42,5e-05,0.07536555826663971,5193
0.01,30822,340,3280,90,357.17,6.51,5e-05,0.02860163152217865,5205
0.01,30871,341,3284,90,357.17,6.51,5e-05,0.019793499261140823,5217
0.01,30917,341,3288,90,355.03,6.52,5e-05,0.019440896809101105,5229
0.01,30977,342,3292,90,356.22,6.56,5e-05,0.015521891415119171,5244
0.01,31029,343,3296,90,358.54,6.62,5e-05,0.03321295604109764,5257
0.01,31099,344,3300,90,359.9,6.67,5e-05,0.031632352620363235,5274
0.01,31151,344,3304,90,359.9,6.67,5e-05,0.044827815145254135,5287
0.01,31226,345,3308,90,360.49,6.72,5e-05,0.028873300179839134,5306
0.01,31311,347,3312,90,361.88,6.76,5e-05,0.031959787011146545,5327
0.01,31415,349,3316,89,365.15,6.87,5e-05,0.020349077880382538,5353
0.01,31464,349,3320,89,368.03,6.98,5e-05,0.028943227604031563,5365
0.01,31545,351,3324,89,368.03,6.98,5e-05,0.03792431205511093,5386
0.01,31605,352,3328,89,369.39,7.02,5e-05,0.020399147644639015,5401
0.01,31657,353,3332,89,370.2,7.04,5e-05,0.013280353508889675,5414
0.01,31727,354,3336,89,369.68,7.02,5e-05,0.017084643244743347,5431
0.01,31779,355,3340,89,371.06,7.05,5e-05,0.019636614248156548,5444
0.01,31831,356,3344,89,371.06,7.05,5e-05,0.03308872878551483,5457
0.01,31888,356,3348,89,372.49,7.08,5e-05,0.02003631740808487,5471
0.01,31967,358,3352,89,373.0,7.09,5e-05,0.022094184532761574,5491
0.01,32032,358,3356,89,375.44,7.15,5e-05,0.017264792695641518,5507
0.01,32081,359,3360,89,375.39,7.18,5e-05,0.02644108608365059,5520
0.01,32129,360,3364,89,375.39,7.18,5e-05,0.00724391546100378,5532
0.01,32203,361,3368,89,375.75,7.2,5e-05,0.0239972285926342,5550
0.01,32245,361,3372,89,377.37,7.24,5e-05,0.03174848109483719,5561
0.01,32319,362,3376,89,376.98,7.23,5e-05,0.01816742867231369,5579
0.01,32360,363,3380,89,379.31,7.3,5e-05,0.01720743626356125,5589
0.01,32387,363,3384,88,379.31,7.3,5e-05,0.01659456454217434,5596
0.01,32468,365,3388,88,379.79,7.32,5e-05,0.014069246128201485,5616
0.01,32543,366,3392,88,381.02,7.38,5e-05,0.024763530120253563,5635
0.01,32595,366,3396,88,381.45,7.4,5e-05,0.024318747222423553,5648
0.01,32644,367,3400,88,381.09,7.42,5e-05,0.012638626620173454,5660
0.01,32693,368,3404,88,381.09,7.42,5e-05,0.008182205259799957,5673
0.01,32739,368,3408,88,379.81,7.42,5e-05,0.02346072532236576,5684
0.01,32822,370,3412,88,378.45,7.42,5e-05,0.03502455726265907,5705
0.01,32863,370,3416,88,379.59,7.38,5e-05,0.010207042098045349,5715
0.01,32895,371,3420,88,378.31,7.35,5e-05,0.020685411989688873,5723
0.01,32976,372,3424,88,378.31,7.35,5e-05,0.024110915139317513,5743
0.01,33058,373,3428,88,378.73,7.39,5e-05,0.021540271118283272,5764
0.01,33125,374,3432,88,380.14,7.39,5e-05,0.02794802561402321,5781
0.01,33166,374,3436,88,381.02,7.41,5e-05,0.013395399786531925,5791
0.01,33200,375,3440,88,380.43,7.36,5e-05,0.011680562980473042,5799
0.01,33249,376,3444,88,380.43,7.36,5e-05,0.01733420230448246,5812
0.01,33294,376,3448,88,380.35,7.36,5e-05,0.029875576496124268,5823
0.01,33342,377,3452,88,380.44,7.37,5e-05,0.006144044920802116,5835
0.01,33416,378,3456,88,381.45,7.4,5e-05,0.012383321300148964,5853
0.01,33465,378,3460,88,381.53,7.4,5e-05,0.022129174321889877,5866
0.01,33506,379,3464,88,381.53,7.4,5e-05,0.022334789857268333,5876
0.01,33587,380,3468,88,379.85,7.37,5e-05,0.025683466345071793,5896
0.01,33619,381,3472,88,379.54,7.33,5e-05,0.008807869628071785,5904
0.01,33687,381,3476,88,378.11,7.29,5e-05,0.02952362224459648,5921
0.01,33728,382,3480,88,378.7,7.31,5e-05,0.010648205876350403,5931
0.01,33773,383,3484,88,378.7,7.31,5e-05,0.03486797958612442,5943
0.01,33850,384,3488,88,379.24,7.32,5e-05,0.014071297831833363,5962
0.01,33963,385,3492,88,380.2,7.34,5e-05,0.01027856394648552,5990
0.01,34037,386,3496,87,381.34,7.34,5e-05,0.017919840291142464,6009
0.01,34071,387,3500,87,380.61,7.32,5e-05,0.01809965819120407,6017
0.01,34141,388,3504,87,380.61,7.32,5e-05,0.029519151896238327,6035
0.01,34215,389,3508,87,381.24,7.31,5e-05,0.014082228764891624,6053
0.01,34263,389,3512,87,381.4,7.32,5e-05,0.020726056769490242,6065
0.01,34345,391,3516,87,380.06,7.32,5e-05,0.015627212822437286,6086
0.01,34417,392,3520,87,381.15,7.31,5e-05,0.02809043414890766,6104
0.01,34454,392,3524,87,381.15,7.31,5e-05,0.020731233060359955,6113
0.01,34514,393,3528,87,380.28,7.27,5e-05,0.023709259927272797,6128
0.01,34562,394,3532,87,379.26,7.22,5e-05,0.020117441192269325,6140
0.01,34596,394,3536,87,378.96,7.21,5e-05,0.011621254496276379,6148
0.01,34635,395,3540,87,376.96,7.16,5e-05,0.010977528989315033,6158
0.01,34698,396,3544,87,376.96,7.16,5e-05,0.022941747680306435,6174
0.01,34768,396,3548,87,375.22,7.12,5e-05,0.021160872653126717,6191
0.01,34833,397,3552,87,376.43,7.12,5e-05,0.00839367788285017,6208
0.01,34867,398,3556,87,374.55,7.08,5e-05,0.01573076657950878,6216
0.01,34897,398,3560,87,372.65,7.0,5e-05,0.03287634626030922,6224
0.01,34986,400,3564,87,372.65,7.0,5e-05,0.01433770265430212,6246
0.01,35067,401,3568,87,374.4,7.04,5e-05,0.037629611790180206,6266
0.01,35149,402,3572,87,375.09,7.03,5e-05,0.006122412160038948,6287
0.01,35215,403,3576,87,377.18,7.11,5e-05,0.026057546958327293,6303
0.01,35285,404,3580,87,377.97,7.1,5e-05,0.02868078090250492,6321
0.01,35352,405,3584,87,377.97,7.1,5e-05,0.02005203254520893,6337
0.01,35417,405,3588,87,378.4,7.11,5e-05,0.013373813591897488,6354
0.01,35451,406,3592,87,376.12,7.05,5e-05,0.02431304007768631,6362
0.01,35510,407,3596,87,376.7,7.03,5e-05,0.026503246277570724,6377
0.01,35615,408,3600,87,377.58,7.02,5e-05,0.02352297119796276,6403
0.01,35707,409,3604,87,377.58,7.02,5e-05,0.01574661396443844,6426
0.01,35771,410,3608,87,377.96,7.05,5e-05,0.028311891481280327,6442
0.01,35848,411,3612,87,377.38,7.04,5e-05,0.009835814125835896,6461
0.01,35922,412,3616,86,377.15,7.04,5e-05,0.023067479953169823,6480
0.01,35988,413,3620,86,378.1,7.09,5e-05,0.011285575106739998,6496
0.01,36077,414,3624,86,378.1,7.09,5e-05,0.01866663247346878,6519
0.01,36123,415,3628,86,379.31,7.08,5e-05,0.016502482816576958,6530
0.01,36195,416,3632,86,377.85,7.04,5e-05,0.030804254114627838,6548
0.01,36276,417,3636,86,379.26,7.08,5e-05,0.036484599113464355,6568
0.01,36303,418,3640,86,380.8,7.12,5e-05,0.015048720873892307,6575
0.01,36363,418,3644,86,380.8,7.12,5e-05,0.03843826428055763,6590
0.01,36462,420,3648,86,382.23,7.16,5e-05,0.008958164602518082,6615
0.01,36519,421,3652,86,381.35,7.14,5e-05,0.010221414268016815,6629
0.01,36592,422,3656,86,382.26,7.16,5e-05,0.012516412883996964,6647
0.01,36705,423,3660,86,383.48,7.19,5e-05,0.0368584506213665,6676
0.01,36777,424,3664,86,383.48,7.19,5e-05,0.018377510830760002,6694
0.01,36900,426,3668,86,383.4,7.19,5e-05,0.010902782902121544,6724
0.01,36959,427,3672,86,385.92,7.26,5e-05,0.01311858743429184,6739
0.01,37060,429,3676,86,384.74,7.24,5e-05,0.020315606147050858,6764
0.01,37132,430,3680,86,386.63,7.34,5e-05,0.01035732589662075,6782
0.01,37231,431,3684,86,386.63,7.34,5e-05,0.013781236484646797,6807
0.01,37317,432,3688,86,388.43,7.38,5e-05,0.012390377931296825,6829
0.01,37400,433,3692,86,388.34,7.41,5e-05,0.01105650793761015,6849
0.01,37507,435,3696,86,389.81,7.47,5e-05,0.012394223362207413,6876
0.01,37607,436,3700,86,391.56,7.48,5e-05,0.010189673863351345,6901
0.01,37692,437,3704,86,391.56,7.48,5e-05,0.022133484482765198,6922
0.01,37809,439,3708,86,392.04,7.49,5e-05,0.0199056975543499,6952
0.01,37905,440,3712,86,392.51,7.52,5e-05,0.032812442630529404,6976
0.01,37988,441,3716,86,393.14,7.56,5e-05,0.022706933319568634,6996
0.01,38030,442,3720,85,392.17,7.53,5e-05,0.01894780620932579,7007
0.01,38048,442,3724,85,392.17,7.53,5e-05,0.025964651256799698,7011
0.01,38138,443,3728,85,389.75,7.46,5e-05,0.022870317101478577,7034
0.01,38197,444,3732,85,392.03,7.53,5e-05,0.014001166447997093,7049
0.01,38282,445,3736,85,393.53,7.57,5e-05,0.008126534521579742,7070
0.01,38353,446,3740,85,394.18,7.52,5e-05,0.02325243130326271,7088
0.01,38454,447,3744,85,394.18,7.52,5e-05,0.02250821515917778,7113
0.01,38544,449,3748,85,396.05,7.57,5e-05,0.021665450185537338,7135
0.01,38622,450,3752,85,397.4,7.63,5e-05,0.025008555501699448,7155
0.01,38732,451,3756,85,399.62,7.71,5e-05,0.007854022085666656,7182
0.01,38837,453,3760,85,402.06,7.77,5e-05,0.020804308354854584,7209
0.01,38906,454,3764,85,402.06,7.77,5e-05,0.012940449640154839,7226
0.01,39007,455,3768,85,403.67,7.77,5e-05,0.013998037204146385,7251
0.01,39142,457,3772,85,406.45,7.88,5e-05,0.008697601966559887,7285
0.01,39214,458,3776,85,408.77,7.99,5e-05,0.016305256634950638,7303
0.01,39306,460,3780,85,409.18,7.99,5e-05,0.02035553567111492,7326
0.01,39424,462,3784,85,409.18,7.99,5e-05,0.02098473720252514,7355
0.01,39517,463,3788,85,412.45,8.0,5e-05,0.014517128467559814,7379
0.01,39609,465,3792,85,414.2,8.06,5e-05,0.010049386881291866,7402
0.01,39655,466,3796,85,414.67,8.07,5e-05,0.020664973184466362,7413
0.01,39752,467,3800,85,415.85,8.09,5e-05,0.008935070596635342,7437
0.01,39835,468,3804,84,415.85,8.09,5e-05,0.01621580868959427,7458
0.01,39927,470,3808,84,417.0,8.09,5e-05,0.009475796483457088,7481
0.01,40008,471,3812,84,417.58,8.11,5e-05,0.010571975260972977,7501
0.01,40102,472,3816,84,417.3,8.08,5e-05,0.014206146821379662,7525
0.01,40167,474,3820,84,417.56,8.06,5e-05,0.006410934031009674,7541
0.01,40265,475,3824,84,417.56,8.06,5e-05,0.020501872524619102,7566
0.01,40357,476,3828,84,418.3,8.08,5e-05,0.010785834863781929,7589
0.01,40442,478,3832,84,419.81,8.2,5e-05,0.011585112661123276,7610
0.01,40494,479,3836,84,421.01,8.26,5e-05,0.06727529317140579,7623
0.01,40624,481,3840,84,423.04,8.34,5e-05,0.018002625554800034,7655
0.01,40727,482,3844,84,423.04,8.34,5e-05,0.013081413693726063,7681
0.01,40843,484,3848,84,425.14,8.44,5e-05,0.03147371485829353,7710
0.01,40948,485,3852,84,427.55,8.58,5e-05,0.009382973425090313,7736
0.01,41053,487,3856,84,428.51,8.69,5e-05,0.012674063444137573,7763
0.01,41110,488,3860,84,430.3,8.73,5e-05,0.015797721222043037,7777
0.01,41220,489,3864,84,430.3,8.73,5e-05,0.005818869452923536,7804
0.01,41330,491,3868,84,433.64,8.83,5e-05,0.012223487719893456,7832
0.01,41401,492,3872,84,434.72,8.84,5e-05,0.015072917565703392,7850
0.01,41533,493,3876,84,437.98,8.94,5e-05,0.018608853220939636,7883
0.01,41585,494,3880,84,438.55,8.95,5e-05,0.01360763143748045,7896
0.01,41657,495,3884,84,438.55,8.95,5e-05,0.036921530961990356,7914
0.01,41747,496,3888,84,440.41,9.0,5e-05,0.024591170251369476,7936
0.01,41810,497,3892,84,440.2,8.99,5e-05,0.019108634442090988,7952
0.01,41891,498,3896,83,440.5,8.99,5e-05,0.011071288958191872,7972
0.01,41942,499,3900,83,441.65,8.98,5e-05,0.012430776841938496,7985
0.01,42062,500,3904,83,441.65,8.98,5e-05,0.019871974363923073,8015
0.01,42146,501,3908,83,444.82,9.01,5e-05,0.020185112953186035,8036
0.01,42194,502,3912,83,446.81,8.99,5e-05,0.024001240730285645,8048
0.01,42287,503,3916,83,445.62,8.96,5e-05,0.015061302110552788,8071
0.01,42370,505,3920,83,448.94,9.06,5e-05,0.031019985675811768,8092
0.01,42415,505,3924,83,448.94,9.06,5e-05,0.015289203263819218,8103
0.01,42489,506,3928,83,447.39,8.99,5e-05,0.018632840365171432,8122
0.01,42599,508,3932,83,448.16,9.03,5e-05,0.015358894132077694,8149
0.01,42665,509,3936,83,449.61,9.09,5e-05,0.010026542469859123,8166
0.01,42743,510,3940,83,451.64,9.15,5e-05,0.009446644224226475,8185
0.01,42833,511,3944,83,451.64,9.15,5e-05,0.021386705338954926,8208
0.01,42897,512,3948,83,453.59,9.19,5e-05,0.003920561168342829,8224
0.01,42990,513,3952,83,455.67,9.22,5e-05,0.013836371712386608,8247
0.01,43064,514,3956,83,456.81,9.24,5e-05,0.018018556758761406,8265
0.01,43124,515,3960,83,456.71,9.21,5e-05,0.023800313472747803,8280
0.01,43167,515,3964,83,456.71,9.21,5e-05,0.029327193275094032,8291
0.01,43260,516,3968,83,457.19,9.22,5e-05,0.014710796996951103,8314
0.01,43314,517,3972,83,458.19,9.24,5e-05,0.011447470635175705,8328
0.01,43457,519,3976,83,461.04,9.33,5e-05,0.020214613527059555,8364
0.01,43505,519,3980,83,461.61,9.36,5e-05,0.021985307335853577,8376
0.01,43583,520,3984,83,461.61,9.36,5e-05,0.01913965307176113,8395
0.01,43668,522,3988,83,462.63,9.39,5e-05,0.007446238771080971,8416
0.01,43745,523,3992,83,461.86,9.38,5e-05,0.02108602412045002,8436
0.01,43808,523,3996,83,461.46,9.36,5e-05,0.027744432911276817,8451
0.01,43876,524,4000,83,462.85,9.42,5e-05,0.007728337310254574,8468
0.01,43939,525,4004,83,462.85,9.42,5e-05,0.011453499086201191,8484
0.01,44011,526,4008,83,462.7,9.41,5e-05,0.02130820043385029,8502
0.01,44083,527,4012,83,462.35,9.4,5e-05,0.030803482979536057,8520
0.01,44142,528,4016,83,462.9,9.38,5e-05,0.01345912553369999,8535
0.01,44224,529,4020,83,463.11,9.38,5e-05,0.013440929353237152,8555
0.01,44292,530,4024,83,463.11,9.38,5e-05,0.007934215478599072,8572
0.01,44376,531,4028,83,464.88,9.41,5e-05,0.009338063187897205,8593
0.01,44459,532,4032,83,465.92,9.43,5e-05,0.013853715732693672,8614
0.01,44575,533,4036,83,468.39,9.51,5e-05,0.01638219505548477,8643
0.01,44618,534,4040,83,470.44,9.56,5e-05,0.01636534184217453,8654
0.01,44696,535,4044,83,470.44,9.56,5e-05,0.018697399646043777,8673
0.01,44753,536,4048,83,471.83,9.63,5e-05,0.011424503289163113,8688
0.01,44776,536,4052,83,469.38,9.57,5e-05,0.01057141087949276,8693
0.01,44819,536,4056,83,468.53,9.55,5e-05,0.015148023143410683,8704
0.01,44901,537,4060,83,470.76,9.6,5e-05,0.011263602413237095,8725
0.01,44972,538,4064,83,470.76,9.6,5e-05,0.00603568647056818,8742
0.01,45022,539,4068,83,470.32,9.6,5e-05,0.019148731604218483,8755
0.01,45113,540,4072,83,469.77,9.59,5e-05,0.01850333996117115,8778
0.01,45228,542,4076,83,469.58,9.55,5e-05,0.015913402661681175,8806
0.01,45288,543,4080,83,470.46,9.59,5e-05,0.015475569292902946,8821
0.01,45403,544,4084,83,470.46,9.59,5e-05,0.034887075424194336,8850
0.01,45524,546,4088,83,472.22,9.7,5e-05,0.01684432290494442,8880
0.01,45622,547,4092,83,475.74,9.79,5e-05,0.010156829841434956,8905
0.01,45724,549,4096,83,477.07,9.87,5e-05,0.007822551764547825,8930
0.01,45772,549,4100,83,476.25,9.88,5e-05,0.017889535054564476,8942
0.01,45868,551,4104,83,476.25,9.88,5e-05,0.010466338135302067,8966
0.01,45938,551,4108,83,476.3,9.89,5e-05,0.019306261092424393,8984
0.01,45994,552,4112,83,477.34,9.97,5e-05,0.02448643371462822,8998
0.01,46114,554,4116,83,477.72,9.98,5e-05,0.010091304779052734,9028
0.01,46189,555,4120,83,478.08,9.98,5e-05,0.01687738113105297,9047
0.01,46305,556,4124,83,478.08,9.98,5e-05,0.006738262251019478,9076
0.01,46343,557,4128,83,479.52,10.05,5e-05,0.024335918948054314,9085
0.01,46417,558,4132,83,478.36,10.03,5e-05,0.02774616703391075,9104
0.01,46526,559,4136,83,480.01,10.09,5e-05,0.024300578981637955,9131
0.01,46619,560,4140,83,482.51,10.15,5e-05,0.019259018823504448,9154
0.01,46704,562,4144,83,482.51,10.15,5e-05,0.0061329989694058895,9175
0.01,46794,563,4148,83,482.1,10.14,5e-05,0.012963000684976578,9198
0.01,46889,564,4152,83,484.21,10.21,5e-05,0.00951189175248146,9222
0.01,46962,565,4156,83,484.88,10.19,5e-05,0.01634446159005165,9240
0.01,47051,566,4160,83,483.86,10.16,5e-05,0.007296117953956127,9262
0.01,47129,567,4164,82,483.86,10.16,5e-05,0.011572226881980896,9282
0.01,47206,568,4168,82,484.33,10.2,5e-05,0.01076294295489788,9301
0.01,47302,570,4172,82,483.31,10.18,5e-05,0.023155439645051956,9325
0.01,47378,571,4176,82,484.2,10.19,5e-05,0.009860257618129253,9344
0.01,47491,572,4180,82,484.6,10.14,5e-05,0.01986667513847351,9372
0.01,47584,574,4184,82,484.6,10.14,5e-05,0.014061382040381432,9395
0.01,47687,575,4188,82,484.94,10.11,5e-05,0.016427258029580116,9421
0.01,47741,576,4192,82,484.06,10.09,5e-05,0.0071934545412659645,9435
0.01,47809,577,4196,82,482.4,10.02,5e-05,0.011312096379697323,9452
0.01,47882,577,4200,82,481.43,10.0,5e-05,0.006221223156899214,9470
0.01,47993,579,4204,82,481.43,10.0,5e-05,0.00983611959964037,9498
0.01,48092,580,4208,82,481.91,10.02,5e-05,0.06476518511772156,9522
0.01,48146,581,4212,82,481.41,9.98,5e-05,0.007306723855435848,9536
0.01,48262,582,4216,82,481.27,9.98,5e-05,0.00671325484290719,9565
0.01,48327,583,4220,82,482.29,10.01,5e-05,0.008707315661013126,9581
0.01,48426,585,4224,82,482.29,10.01,5e-05,0.009928736835718155,9606
0.01,48451,585,4228,82,485.58,10.09,5e-05,0.02530078962445259,9612
0.01,48549,587,4232,82,483.95,10.0,5e-05,0.01907920464873314,9637
0.01,48609,588,4236,82,483.18,9.98,5e-05,0.005886350758373737,9652
0.01,48674,589,4240,82,482.99,9.98,5e-05,0.011009949259459972,9668
0.01,48766,590,4244,82,482.99,9.98,5e-05,0.021493081003427505,9691
0.01,48853,591,4248,82,482.95,10.0,5e-05,0.004388834349811077,9713
0.01,48904,592,4252,82,481.88,9.98,5e-05,0.0169634148478508,9725
0.01,48943,593,4256,82,478.78,9.88,5e-05,0.010825653560459614,9735
0.01,48993,594,4260,82,476.69,9.8,5e-05,0.01961440220475197,9748
0.01,49083,595,4264,82,476.69,9.8,5e-05,0.009484397247433662,9770
0.01,49133,596,4268,82,477.3,9.84,5e-05,0.01482061855494976,9783
0.01,49201,597,4272,82,474.87,9.73,5e-05,0.0073185814544558525,9800
0.01,49276,598,4276,82,472.76,9.59,5e-05,0.007013313937932253,9818
0.01,49327,599,4280,82,471.77,9.53,5e-05,0.014778937213122845,9831
0.01,49419,601,4284,82,471.77,9.53,5e-05,0.010895749554038048,9854
0.01,49530,602,4288,82,470.79,9.51,5e-05,0.011287398636341095,9882
0.01,49593,603,4292,82,471.78,9.57,5e-05,0.00738481804728508,9898
0.01,49686,604,4296,82,471.42,9.57,5e-05,0.021797342225909233,9921
0.01,49755,605,4300,82,470.58,9.55,5e-05,0.01344781368970871,9938
0.01,49823,606,4304,82,470.58,9.55,5e-05,0.010825777426362038,9955
0.01,49925,607,4308,82,469.67,9.52,5e-05,0.005767870228737593,9981
0.01,50046,609,4312,82,471.03,9.6,5e-05,0.004640410654246807,10011
0.01,50157,610,4316,82,472.23,9.66,5e-05,0.007204253692179918,10039
0.01,50205,611,4320,82,472.21,9.68,5e-05,0.008144590072333813,10051
0.01,50245,612,4324,82,472.21,9.68,5e-05,0.017008759081363678,10061
0.01,50295,612,4328,82,470.14,9.63,5e-05,0.012883080169558525,10073
0.01,50339,613,4332,82,468.15,9.5,5e-05,0.01879226788878441,10084
0.01,50465,614,4336,82,467.85,9.47,5e-05,0.005574900656938553,10116
0.01,50534,615,4340,82,467.32,9.43,5e-05,0.007703879848122597,10133
0.01,50564,616,4344,82,467.32,9.43,5e-05,0.018314126878976822,10140
0.01,50713,618,4348,82,465.13,9.34,5e-05,0.020087482407689095,10178
0.01,50764,618,4352,82,465.64,9.3,5e-05,0.00683212885633111,10190
0.01,50827,619,4356,82,462.99,9.15,5e-05,0.013653595931828022,10206
0.01,50870,620,4360,82,461.04,9.08,5e-05,0.0072964513674378395,10217
0.01,50951,621,4364,81,461.04,9.08,5e-05,0.014981323853135109,10237
0.01,51059,622,4368,81,459.68,9.04,5e-05,0.010025188326835632,10264
0.01,51141,623,4372,81,459.77,9.08,5e-05,0.011225175112485886,10285
0.01,51231,625,4376,81,458.8,9.06,5e-05,0.005713749676942825,10307
0.01,51280,625,4380,81,458.48,9.06,5e-05,0.008056015707552433,10319
0.01,51372,626,4384,81,458.48,9.06,5e-05,0.007147899363189936,10342
0.01,51487,628,4388,81,459.91,9.12,5e-05,0.013147436082363129,10371
0.01,51567,629,4392,81,462.15,9.18,5e-05,0.013593083247542381,10391
0.01,51688,631,4396,81,462.03,9.18,5e-05,0.0068238116800785065,10421
0.01,51736,631,4400,81,462.31,9.22,5e-05,0.00613348139449954,10433
0.01,51768,632,4404,81,462.31,9.22,5e-05,0.011592193506658077,10441
0.01,51839,633,4408,81,458.54,9.11,5e-05,0.030774617567658424,10459
0.01,51900,633,4412,81,457.15,9.08,5e-05,0.005252545699477196,10474
0.01,51944,634,4416,81,457.09,9.08,5e-05,0.0078384168446064,10485
0.01,52058,635,4420,81,458.11,9.07,5e-05,0.009384860284626484,10514
0.01,52138,636,4424,81,458.11,9.07,5e-05,0.012814931571483612,10534
0.01,52231,638,4428,81,459.62,9.1,5e-05,0.004376998171210289,10557
0.01,52314,639,4432,81,460.15,9.1,5e-05,0.010869949124753475,10578
0.01,52379,640,4436,81,458.12,9.03,5e-05,0.010225229896605015,10594
0.01,52452,641,4440,81,459.34,9.05,5e-05,0.015404672361910343,10612
0.01,52545,642,4444,81,459.34,9.05,5e-05,0.008498681709170341,10636
0.01,52596,642,4448,81,460.17,9.03,5e-05,0.01050765160471201,10648
0.01,52659,643,4452,81,458.49,9.01,5e-05,0.009580192156136036,10664
0.01,52775,645,4456,81,457.27,8.99,5e-05,0.014572054147720337,10693
0.01,52840,646,4460,81,459.53,9.06,5e-05,0.013615290634334087,10709
0.01,52904,647,4464,81,459.53,9.06,5e-05,0.016925984993577003,10725
0.01,52995,648,4468,81,459.69,9.06,5e-05,0.01215313095599413,10748
0.01,53074,649,4472,81,460.6,9.11,5e-05,0.009858309291303158,10768
0.01,53149,650,4476,81,459.78,9.07,5e-05,0.028877198696136475,10787
0.01,53217,651,4480,81,459.19,9.04,5e-05,0.006844783667474985,10804
0.01,53311,652,4484,81,459.19,9.04,5e-05,0.011521458625793457,10827
0.01,53371,653,4488,81,460.96,9.08,5e-05,0.021330147981643677,10842
0.01,53497,655,4492,81,460.05,9.06,5e-05,0.034230753779411316,10874
0.01,53573,656,4496,81,462.16,9.14,5e-05,0.01736321486532688,10893
0.01,53665,657,4500,81,462.12,9.12,5e-05,0.015773605555295944,10916
0.01,53728,658,4504,81,462.12,9.12,5e-05,0.003965409006923437,10931
0.01,53838,659,4508,81,462.37,9.13,5e-05,0.0055860052816569805,10959
0.01,53948,661,4512,81,464.62,9.21,5e-05,0.008904417976737022,10986
0.01,54018,662,4516,81,465.78,9.23,5e-05,0.0122784823179245,11004
0.01,54124,663,4520,81,465.86,9.27,5e-05,0.008224433287978172,11030
0.01,54206,664,4524,81,465.86,9.27,5e-05,0.006001806352287531,11051
0.01,54317,666,4528,81,465.68,9.27,5e-05,0.007464630529284477,11079
0.01,54391,667,4532,81,467.31,9.3,5e-05,0.033391788601875305,11097
0.01,54455,668,4536,81,465.98,9.24,5e-05,0.03381326422095299,11113
0.01,54557,669,4540,81,467.08,9.26,5e-05,0.010553773492574692,11139
0.01,54640,670,4544,81,467.08,9.26,5e-05,0.02809709496796131,11159
0.01,54699,671,4548,81,466.83,9.22,5e-05,0.010171772912144661,11174
0.01,54776,672,4552,81,469.37,9.27,5e-05,0.0040734512731432915,11193
0.01,54856,673,4556,81,470.75,9.29,5e-05,0.005438401363790035,11213
0.01,54911,674,4560,81,470.47,9.29,5e-05,0.008885741233825684,11227
0.01,55007,675,4564,81,470.47,9.29,5e-05,0.010211464948952198,11251
0.01,55094,676,4568,81,471.18,9.3,5e-05,0.007927559316158295,11273
0.01,55187,678,4572,81,473.02,9.33,5e-05,0.012597508728504181,11296
0.01,55252,678,4576,81,472.45,9.32,5e-05,0.014971795491874218,11312
0.01,55342,680,4580,81,472.17,9.32,5e-05,0.011780518107116222,11335
0.01,55445,681,4584,81,472.17,9.32,5e-05,0.009482650086283684,11361
0.01,55545,682,4588,81,471.25,9.26,5e-05,0.016717446967959404,11386
0.01,55651,684,4592,81,471.04,9.25,5e-05,0.017356248572468758,11412
0.01,55683,684,4596,81,469.72,9.17,5e-05,0.022537432610988617,11420
0.01,55775,685,4600,81,470.48,9.16,5e-05,0.005230870563536882,11443
0.01,55849,687,4604,81,470.48,9.16,5e-05,0.01584003120660782,11462
0.01,55930,688,4608,81,470.04,9.11,5e-05,0.021266374737024307,11482
0.01,56049,689,4612,81,470.64,9.06,5e-05,0.004852022975683212,11512
0.01,56147,690,4616,81,471.66,9.1,5e-05,0.009800869971513748,11536
0.01,56195,691,4620,81,470.76,9.09,5e-05,0.014024009928107262,11548
0.01,56273,692,4624,81,470.76,9.09,5e-05,0.004367645364254713,11568
0.01,56374,694,4628,81,469.95,9.07,5e-05,0.0043721068650484085,11593
0.01,56404,694,4632,81,472.21,9.12,5e-05,0.013096635229885578,11600
0.01,56463,695,4636,81,468.34,9.0,5e-05,0.011671333573758602,11615
0.01,56541,696,4640,81,467.85,9.02,5e-05,0.018488449975848198,11635
0.01,56633,697,4644,81,467.85,9.02,5e-05,0.013165183365345001,11658
0.01,56762,699,4648,81,468.97,9.07,5e-05,0.015184505842626095,11690
0.01,56831,700,4652,81,468.55,9.04,5e-05,0.015181342139840126,11707
0.01,56908,701,4656,81,468.4,9.04,5e-05,0.003069119993597269,11726
0.01,56985,702,4660,81,468.16,9.04,5e-05,0.011988481506705284,11746
0.01,57067,703,4664,81,468.16,9.04,5e-05,0.017093095928430557,11766
0.01,57131,704,4668,81,468.91,9.03,5e-05,0.008371494710445404,11782
0.01,57201,705,4672,81,466.23,8.96,5e-05,0.010840864852070808,11800
0.01,57222,705,4676,81,464.48,8.92,5e-05,0.005744501948356628,11805
0.01,57252,705,4680,81,461.14,8.82,5e-05,0.027211282402276993,11812
0.01,57284,706,4684,81,461.14,8.82,5e-05,0.018010912463068962,11820
0.01,57336,707,4688,81,458.46,8.77,5e-05,0.018146205693483353,11833
0.01,57432,708,4692,81,457.02,8.71,5e-05,0.006462337914854288,11857
0.01,57491,709,4696,81,457.72,8.76,5e-05,0.007221330888569355,11872
0.01,57563,710,4700,81,457.74,8.76,5e-05,0.009063230827450752,11890
0.01,57634,711,4704,81,457.74,8.76,5e-05,0.004255057778209448,11908
0.01,57768,712,4708,81,456.23,8.72,5e-05,0.007742376998066902,11941
0.01,57873,714,4712,81,458.87,8.81,5e-05,0.010847370140254498,11968
0.01,57935,715,4716,81,457.35,8.75,5e-05,0.006684836465865374,11983
0.01,58020,716,4720,81,458.27,8.82,5e-05,0.00809140969067812,12004
0.01,58124,717,4724,81,458.27,8.82,5e-05,0.018482912331819534,12030
0.01,58217,718,4728,81,458.79,8.92,5e-05,0.018930330872535706,12054
0.01,58280,719,4732,81,460.71,9.01,5e-05,0.011968138627707958,12069
0.01,58331,720,4736,81,458.96,8.97,5e-05,0.01359496172517538,12082
0.01,58361,720,4740,80,458.19,8.95,5e-05,0.009468468837440014,12090
0.01,58393,721,4744,80,458.19,8.95,5e-05,0.016520310193300247,12098
0.01,58490,722,4748,80,456.46,8.89,5e-05,0.0070527768693864346,12122
0.01,58601,723,4752,80,455.78,8.86,5e-05,0.011563961394131184,12150
0.01,58659,724,4756,80,457.91,8.91,5e-05,0.010271337814629078,12164
0.01,58729,725,4760,80,459.47,8.94,5e-05,0.014888381585478783,12182
0.01,58759,725,4764,80,459.47,8.94,5e-05,0.011685396544635296,12189
0.01,58798,726,4768,80,457.07,8.86,5e-05,0.014121709391474724,12199
0.01,58918,727,4772,80,456.69,8.85,5e-05,0.00834011472761631,12229
0.01,58968,728,4776,80,458.05,8.89,5e-05,0.04564607888460159,12241
0.01,59040,729,4780,80,458.3,8.9,5e-05,0.009107413701713085,12259
0.01,59137,730,4784,80,458.3,8.9,5e-05,0.011099118739366531,12284
0.01,59198,731,4788,80,458.96,8.94,5e-05,0.020345352590084076,12299
0.01,59294,732,4792,80,455.5,8.8,5e-05,0.007647957652807236,12323
0.01,59371,734,4796,80,456.58,8.88,5e-05,0.010570341721177101,12342
0.01,59425,734,4800,80,457.1,8.9,5e-05,0.015474841929972172,12356
0.01,59455,735,4804,80,457.1,8.9,5e-05,0.02389722317457199,12363
0.01,59523,736,4808,80,455.88,8.88,5e-05,0.008556341752409935,12380
0.01,59604,737,4812,80,453.98,8.78,5e-05,0.011559642851352692,12400
0.01,59673,738,4816,80,452.62,8.71,5e-05,0.006429128348827362,12418
0.01,59780,740,4820,80,453.42,8.7,5e-05,0.0078929727897048,12444
0.01,59847,741,4824,80,453.42,8.7,5e-05,0.01514257863163948,12461
0.01,59917,742,4828,80,455.09,8.73,5e-05,0.008508730679750443,12479
0.01,60007,744,4832,80,456.91,8.8,5e-05,0.004784768912941217,12501
0.01,60133,746,4836,80,457.26,8.81,5e-05,0.021999895572662354,12533
0.01,60186,747,4840,80,456.26,8.78,5e-05,0.004719725344330072,12546
0.01,60264,748,4844,80,456.26,8.78,5e-05,0.003923638723790646,12565
0.01,60326,749,4848,80,457.14,8.8,5e-05,0.013250007294118404,12581
0.01,60416,751,4852,80,455.04,8.73,5e-05,0.008442995138466358,12603
0.01,60480,751,4856,80,456.12,8.76,5e-05,0.01686219312250614,12619
0.01,60585,753,4860,80,459.16,8.82,5e-05,0.010848969221115112,12646
0.01,60719,755,4864,80,459.16,8.82,5e-05,0.0073584700003266335,12679
0.01,60842,757,4868,80,461.27,8.9,5e-05,0.01698204316198826,12710
0.01,60916,758,4872,80,462.09,8.84,5e-05,0.03528905287384987,12728
0.01,61003,759,4876,80,462.53,8.84,5e-05,0.008352472446858883,12750
0.01,61106,760,4880,80,463.62,8.87,5e-05,0.00695776054635644,12776
0.01,61164,761,4884,80,463.62,8.87,5e-05,0.010668986476957798,12790
0.01,61269,763,4888,80,461.19,8.78,5e-05,0.007209271192550659,12817
0.01,61325,763,4892,80,461.11,8.78,5e-05,0.013829912059009075,12831
0.01,61422,765,4896,80,460.51,8.76,5e-05,0.01724160462617874,12855
0.01,61485,766,4900,80,460.53,8.73,5e-05,0.012063108384609222,12871
0.01,61585,767,4904,80,460.53,8.73,5e-05,0.008250647224485874,12896
0.01,61672,768,4908,80,463.55,8.79,5e-05,0.01956820860505104,12917
0.01,61759,769,4912,80,464.89,8.84,5e-05,0.008075322955846786,12939
0.01,61817,770,4916,80,465.25,8.85,5e-05,0.004628616385161877,12954
0.01,61876,771,4920,80,463.11,8.81,5e-05,0.0040900525636971,12968
0.01,61975,772,4924,80,463.11,8.81,5e-05,0.011654025875031948,12993
0.01,62051,773,4928,80,463.88,8.88,5e-05,0.008099140599370003,13012
0.01,62119,774,4932,80,463.58,8.86,5e-05,0.017847243696451187,13029
0.01,62170,775,4936,80,462.98,8.84,5e-05,0.018544813618063927,13042
0.01,62255,776,4940,80,462.2,8.82,5e-05,0.012167670764029026,13063
0.01,62322,777,4944,80,462.2,8.82,5e-05,0.006941894069314003,13080
0.01,62395,778,4948,80,460.24,8.78,5e-05,0.015435880050063133,13098
0.01,62519,779,4952,80,461.93,8.81,5e-05,0.013391653075814247,13129
0.01,62558,780,4956,80,463.13,8.85,5e-05,0.011664745397865772,13139
0.01,62627,781,4960,80,461.72,8.8,5e-05,0.01230341475456953,13156
0.01,62709,782,4964,80,461.72,8.8,5e-05,0.008024457842111588,13177
0.01,62748,782,4968,80,462.72,8.83,5e-05,0.009563134983181953,13186
0.01,62810,783,4972,80,458.78,8.71,5e-05,0.009172406047582626,13202
0.01,62925,785,4976,80,460.04,8.74,5e-05,0.01714170165359974,13231
0.01,62953,786,4980,80,459.44,8.72,5e-05,0.009419871494174004,13238
0.01,63047,787,4984,80,459.44,8.72,5e-05,0.0063208332285285,13261
0.01,63124,789,4988,79,458.69,8.7,5e-05,0.013742681592702866,13280
0.01,63168,789,4992,79,459.01,8.71,5e-05,0.0191364623606205,13291
0.01,63236,790,4996,79,455.79,8.61,5e-05,0.0262638870626688,13308
0.01,63314,791,5000,79,455.9,8.64,5e-05,0.010221551172435284,13328
0.01,63392,792,5004,79,455.9,8.64,5e-05,0.014018036425113678,13347
0.01,63474,794,5008,79,456.22,8.65,5e-05,0.01607617177069187,13368
0.01,63518,794,5012,79,454.9,8.59,5e-05,0.01014623511582613,13379
0.01,63611,795,5016,79,453.06,8.55,5e-05,0.013177188113331795,13402
0.01,63679,796,5020,79,452.74,8.51,5e-05,0.011275307275354862,13419
0.01,63795,798,5024,79,452.74,8.51,5e-05,0.010758722200989723,13448
0.01,63884,799,5028,79,454.31,8.55,5e-05,0.012383504770696163,13470
0.01,63934,800,5032,79,453.37,8.56,5e-05,0.005547337234020233,13483
0.01,64023,801,5036,79,452.57,8.55,5e-05,0.01394935417920351,13505
0.01,64088,802,5040,79,452.0,8.54,5e-05,0.010936920531094074,13521
0.01,64175,803,5044,79,452.0,8.54,5e-05,0.006010423414409161,13543
0.01,64233,804,5048,79,452.02,8.54,5e-05,0.014659988693892956,13558
0.01,64270,804,5052,79,450.85,8.52,5e-05,0.019561152905225754,13567
0.01,64366,805,5056,79,450.92,8.54,5e-05,0.01120879128575325,13591
0.01,64430,806,5060,79,451.01,8.54,5e-05,0.02788516692817211,13607
0.01,64542,807,5064,79,451.01,8.54,5e-05,0.004655447322875261,13635
0.01,64611,808,5068,79,451.13,8.55,5e-05,0.013948227278888226,13652
0.01,64701,810,5072,79,449.47,8.52,5e-05,0.029312647879123688,13675
0.01,64773,810,5076,79,449.88,8.55,5e-05,0.013284229673445225,13693
0.01,64824,811,5080,79,450.01,8.53,5e-05,0.03245064988732338,13705
0.01,64940,812,5084,79,450.01,8.53,5e-05,0.007658740971237421,13734
0.01,65001,813,5088,79,450.2,8.51,5e-05,0.005606070626527071,13750
0.01,65047,814,5092,79,448.81,8.48,5e-05,0.020289214327931404,13761
0.01,65181,816,5096,79,449.94,8.53,5e-05,0.012280967086553574,13795
0.01,65259,817,5100,79,450.13,8.53,5e-05,0.007265192456543446,13814
0.01,65358,818,5104,79,450.13,8.53,5e-05,0.01433324534446001,13839
0.01,65408,819,5108,79,450.78,8.58,5e-05,0.020138636231422424,13851
0.01,65541,820,5112,79,449.92,8.57,5e-05,0.027618806809186935,13885
0.01,65634,822,5116,79,450.07,8.58,5e-05,0.00757736386731267,13908
0.01,65724,823,5120,79,451.75,8.62,5e-05,0.008477690629661083,13930
0.01,65808,825,5124,79,451.75,8.62,5e-05,0.008732682093977928,13951
0.01,65890,826,5128,79,451.63,8.58,5e-05,0.022842751815915108,13972
0.01,65991,827,5132,79,452.69,8.61,5e-05,0.026305805891752243,13997
0.01,66138,830,5136,79,457.31,8.72,5e-05,0.024035226553678513,14034
0.01,66201,831,5140,79,457.06,8.69,5e-05,0.030572932213544846,14050
0.01,66331,833,5144,79,457.06,8.69,5e-05,0.03498958796262741,14082
0.01,66425,835,5148,79,458.13,8.69,5e-05,0.01284428033977747,14106
0.01,66531,836,5152,79,458.41,8.75,5e-05,0.014354497194290161,14132
0.01,66632,837,5156,79,459.68,8.81,5e-05,0.013772291131317616,14157
0.01,66673,838,5160,79,457.97,8.77,5e-05,0.02359083667397499,14168
0.01,66696,838,5164,79,457.97,8.77,5e-05,0.022528160363435745,14173
0.01,66785,839,5168,79,454.28,8.68,5e-05,0.009488096460700035,14196
0.01,66857,840,5172,79,456.22,8.72,5e-05,0.012939623557031155,14214
0.01,66948,841,5176,79,459.76,8.83,5e-05,0.012381428852677345,14236
0.01,67007,842,5180,79,460.9,8.86,5e-05,0.016425587236881256,14251
0.01,67073,843,5184,79,460.9,8.86,5e-05,0.017678510397672653,14268
0.01,67112,843,5188,79,461.94,8.88,5e-05,0.010691153816878796,14277
0.01,67155,844,5192,79,462.26,8.89,5e-05,0.02168448641896248,14288
0.01,67270,846,5196,79,461.94,8.86,5e-05,0.010179143399000168,14317
0.01,67328,846,5200,79,461.39,8.83,5e-05,0.021838877350091934,14331
0.01,67423,848,5204,79,461.39,8.83,5e-05,0.015348996967077255,14355
0.01,67521,849,5208,79,462.25,8.91,5e-05,0.015194418840110302,14380
0.01,67631,850,5212,79,461.03,8.86,5e-05,0.027080224826931953,14407
0.01,67751,852,5216,79,463.52,8.96,5e-05,0.012972299940884113,14437
0.01,67814,853,5220,79,462.44,8.89,5e-05,0.008428520523011684,14453
0.01,67865,854,5224,79,462.44,8.89,5e-05,0.010954284109175205,14466
0.01,68000,856,5228,79,461.02,8.77,5e-05,0.009683283045887947,14499
0.01,68072,857,5232,79,460.51,8.72,5e-05,0.014190850779414177,14517
0.01,68135,859,5236,79,463.07,8.78,5e-05,0.017794925719499588,14533
0.01,68176,859,5240,79,462.98,8.78,5e-05,0.010596966370940208,14543
0.01,68270,861,5244,79,462.98,8.78,5e-05,0.011612997390329838,14567
0.01,68314,861,5248,79,464.73,8.81,5e-05,0.006475385744124651,14578
0.01,68344,862,5252,79,462.7,8.76,5e-05,0.024774935096502304,14585
0.01,68395,863,5256,79,460.29,8.71,5e-05,0.009034454822540283,14598
0.01,68425,863,5260,79,458.26,8.67,5e-05,0.025680841878056526,14606
0.01,68541,865,5264,79,458.26,8.67,5e-05,0.017087720334529877,14635
0.01,68668,867,5268,79,462.18,8.79,5e-05,0.010632980614900589,14666
0.01,68785,869,5272,79,464.4,8.87,5e-05,0.011821695603430271,14696
0.01,68900,871,5276,79,466.91,8.97,5e-05,0.01737484149634838,14724
0.01,68968,872,5280,79,467.19,9.0,5e-05,0.007173183839768171,14741
0.01,68991,872,5284,79,467.19,9.0,5e-05,0.008367592468857765,14747
0.01,69073,874,5288,78,462.79,8.87,5e-05,0.01314002275466919,14768
0.01,69171,876,5292,78,464.9,8.91,5e-05,0.0100048016756773,14792
0.01,69242,877,5296,78,466.14,8.9,5e-05,0.01996186561882496,14810
0.01,69263,877,5300,78,463.31,8.83,5e-05,0.008714016526937485,14815
0.01,69379,879,5304,78,463.31,8.83,5e-05,0.005591335240751505,14844
0.01,69481,881,5308,78,466.33,8.9,5e-05,0.016960250213742256,14870
0.01,69573,882,5312,78,468.07,8.94,5e-05,0.014802288264036179,14893
0.01,69641,883,5316,78,467.52,8.94,5e-05,0.01823398843407631,14910
0.01,69733,885,5320,78,467.94,8.96,5e-05,0.016552068293094635,14933
0.01,69813,886,5324,78,467.94,8.96,5e-05,0.011299826204776764,14953
0.01,69882,887,5328,78,467.43,8.95,5e-05,0.01479454804211855,14970
0.01,69916,888,5332,78,466.64,8.91,5e-05,0.014681901782751083,14978
0.01,70001,889,5336,78,465.05,8.87,5e-05,0.00920509360730648,15000
0.01,70089,891,5340,78,466.02,8.9,5e-05,0.03370512276887894,15022
0.01,70187,892,5344,78,466.02,8.9,5e-05,0.018399959430098534,15046
0.01,70276,894,5348,78,466.52,8.93,5e-05,0.01945587992668152,15068
0.01,70383,895,5352,78,467.4,8.97,5e-05,0.01851506344974041,15095
0.01,70466,896,5356,78,468.8,9.02,5e-05,0.019018156453967094,15116
0.01,70537,898,5360,78,468.1,9.04,5e-05,0.015313403680920601,15134
0.01,70644,900,5364,78,468.1,9.04,5e-05,0.00886148028075695,15160
0.01,70760,901,5368,78,466.89,8.99,5e-05,0.01853022910654545,15189
0.01,70862,903,5372,78,465.71,8.98,5e-05,0.009012933820486069,15215
0.01,70953,904,5376,78,466.85,9.01,5e-05,0.017281705513596535,15238
0.01,70997,905,5380,78,465.5,8.97,5e-05,0.012525264173746109,15249
0.01,71103,906,5384,78,465.5,8.97,5e-05,0.019049661234021187,15275
0.01,71176,908,5388,78,467.43,9.02,5e-05,0.009632806293666363,15293
0.01,71235,909,5392,78,464.8,8.92,5e-05,0.019336942583322525,15308
0.01,71343,910,5396,78,466.72,9.0,5e-05,0.008168953470885754,15335
0.01,71437,912,5400,78,468.09,9.06,5e-05,0.017518559470772743,15359
0.01,71524,913,5404,78,468.09,9.06,5e-05,0.009898397140204906,15380
0.01,71587,914,5408,78,468.59,9.12,5e-05,0.0262442659586668,15396
0.01,71673,915,5412,78,466.19,9.04,5e-05,0.006580699235200882,15418
0.01,71756,917,5416,78,468.75,9.13,5e-05,0.012766498140990734,15438
0.01,71885,919,5420,78,470.52,9.17,5e-05,0.013610228896141052,15471
0.01,72005,921,5424,78,470.52,9.17,5e-05,0.020880848169326782,15501
0.01,72026,921,5428,78,470.99,9.16,5e-05,0.006750605534762144,15506
0.01,72143,923,5432,78,469.28,9.13,5e-05,0.02023477479815483,15535
0.01,72221,924,5436,78,472.25,9.2,5e-05,0.016808127984404564,15555
0.01,72328,926,5440,78,473.13,9.23,5e-05,0.016260391101241112,15581
0.01,72433,928,5444,78,473.13,9.23,5e-05,0.01622914895415306,15608
0.01,72510,929,5448,77,474.95,9.31,5e-05,0.00487421452999115,15627
0.01,72645,931,5452,77,474.94,9.32,5e-05,0.051587339490652084,15661
0.01,72726,932,5456,77,476.86,9.34,5e-05,0.015130618587136269,15681
0.01,72778,933,5460,77,476.14,9.32,5e-05,0.018015505746006966,15694
0.01,72888,935,5464,77,476.14,9.32,5e-05,0.011349884793162346,15721
0.01,72975,936,5468,77,477.49,9.33,5e-05,0.014859683811664581,15743
0.01,73064,938,5472,77,480.33,9.4,5e-05,0.010032746940851212,15765
0.01,73147,940,5476,77,478.9,9.37,5e-05,0.008444786071777344,15786
0.01,73268,941,5480,77,482.68,9.46,5e-05,0.0113099729642272,15816
0.01,73379,943,5484,77,482.68,9.46,5e-05,0.01104910857975483,15844
0.01,73461,944,5488,77,483.4,9.59,5e-05,0.02411724627017975,15865
0.01,73584,946,5492,77,483.94,9.6,5e-05,0.017620593309402466,15895
0.01,73667,947,5496,77,487.04,9.67,5e-05,0.013946418650448322,15916
0.01,73749,948,5500,77,487.8,9.65,5e-05,0.018979467451572418,15937
0.01,73824,949,5504,77,487.8,9.65,5e-05,0.027504513040184975,15955
0.01,73947,951,5508,77,488.22,9.65,5e-05,0.015224961563944817,15986
0.01,73989,951,5512,77,488.43,9.66,5e-05,0.01806887425482273,15997
0.01,74125,953,5516,77,491.37,9.72,5e-05,0.01807284727692604,16031
0.01,74183,954,5520,77,490.55,9.7,5e-05,0.021626371890306473,16045
0.01,74241,955,5524,77,490.55,9.7,5e-05,0.014965884387493134,16060
0.01,74335,956,5528,77,488.24,9.65,5e-05,0.022103197872638702,16083
0.01,74470,958,5532,77,489.93,9.65,5e-05,0.019771317020058632,16117
0.01,74547,959,5536,77,492.03,9.71,5e-05,0.016699932515621185,16136
0.01,74620,960,5540,77,491.6,9.7,5e-05,0.01617208868265152,16154
0.01,74743,962,5544,77,491.6,9.7,5e-05,0.026525046676397324,16185
0.01,74849,963,5548,77,493.92,9.77,5e-05,0.0064798882231116295,16212
0.01,74956,965,5552,77,496.16,9.82,5e-05,0.013356425799429417,16238
0.01,75028,966,5556,77,497.81,9.85,5e-05,0.010234776884317398,16256
0.01,75132,967,5560,77,498.42,9.91,5e-05,0.015797466039657593,16282
0.01,75266,970,5564,77,498.42,9.91,5e-05,0.015269745141267776,16316
0.01,75382,972,5568,77,499.72,9.96,5e-05,0.011501571163535118,16345
0.01,75448,973,5572,77,502.22,10.04,5e-05,0.008492501452565193,16361
0.01,75546,974,5576,77,502.8,10.07,5e-05,0.013906389474868774,16386
0.01,75628,976,5580,77,502.31,10.05,5e-05,0.027203276753425598,16406
0.01,75710,977,5584,77,502.31,10.05,5e-05,0.0041229985654354095,16427
0.01,75846,979,5588,77,501.85,10.04,5e-05,0.016344964504241943,16461
0.01,75945,981,5592,77,503.85,10.11,5e-05,0.019623886793851852,16486
0.01,76067,982,5596,77,505.36,10.12,5e-05,0.012072443030774593,16516
0.01,76138,983,5600,77,504.82,10.14,5e-05,0.01899990439414978,16534
0.01,76218,985,5604,77,504.82,10.14,5e-05,0.025628339499235153,16554
0.01,76307,986,5608,77,504.95,10.14,5e-05,0.0204617939889431,16576
0.01,76419,988,5612,77,505.24,10.17,5e-05,0.014965729787945747,16604
0.01,76535,990,5616,77,505.89,10.17,5e-05,0.020869802683591843,16633
0.01,76591,991,5620,77,504.49,10.11,5e-05,0.022594459354877472,16647
0.01,76720,993,5624,77,504.49,10.11,5e-05,0.005065693520009518,16679
0.01,76820,995,5628,77,506.0,10.18,5e-05,0.015218587592244148,16704
0.01,76955,997,5632,77,507.28,10.23,5e-05,0.016148675233125687,16738
0.01,77022,998,5636,77,506.68,10.33,5e-05,0.02199675515294075,16755
0.01,77091,1000,5640,77,505.37,10.3,5e-05,0.017602108418941498,16772
0.01,77169,1001,5644,77,505.37,10.3,5e-05,0.021338431164622307,16792
0.01,77244,1002,5648,77,503.78,10.27,5e-05,0.010096749290823936,16810
0.01,77356,1003,5652,77,502.85,10.19,5e-05,0.022212354466319084,16838
0.01,77441,1004,5656,77,500.61,10.11,5e-05,0.046854063868522644,16860
0.01,77510,1005,5660,77,503.24,10.17,5e-05,0.008277825079858303,16877
0.01,77540,1006,5664,77,503.24,10.17,5e-05,0.022178083658218384,16884
0.01,77629,1007,5668,77,503.54,10.18,5e-05,0.016816601157188416,16907
0.01,77734,1009,5672,77,504.45,10.24,5e-05,0.03641950711607933,16933
0.01,77860,1011,5676,77,504.24,10.25,5e-05,0.011272886767983437,16964
0.01,77917,1012,5680,76,505.86,10.32,5e-05,0.02184199169278145,16979
0.01,78033,1013,5684,76,505.86,10.32,5e-05,0.047062311321496964,17008
0.01,78149,1015,5688,76,508.2,10.38,5e-05,0.010470498353242874,17037
0.01,78218,1016,5692,76,512.04,10.46,5e-05,0.008130217902362347,17054
0.01,78290,1017,5696,76,510.08,10.41,5e-05,0.058042578399181366,17072
0.01,78351,1018,5700,76,510.15,10.45,5e-05,0.011532345786690712,17087
0.01,78462,1019,5704,76,510.15,10.45,5e-05,0.018688978627324104,17115
0.01,78544,1020,5708,76,510.75,10.41,5e-05,0.01709161326289177,17135
0.01,78601,1021,5712,76,509.88,10.39,5e-05,0.009630703367292881,17150
0.01,78678,1022,5716,76,506.4,10.27,5e-05,0.008900588378310204,17169
0.01,78757,1023,5720,76,506.68,10.28,5e-05,0.019317299127578735,17189
0.01,78879,1025,5724,76,506.68,10.28,5e-05,0.030439741909503937,17219
0.01,79010,1027,5728,76,509.82,10.39,5e-05,0.01640084572136402,17252
0.01,79058,1027,5732,76,509.68,10.4,5e-05,0.02173735201358795,17264
0.01,79131,1029,5736,76,509.18,10.39,5e-05,0.020973840728402138,17282
0.01,79192,1030,5740,76,509.62,10.4,5e-05,0.005329444073140621,17297
0.01,79300,1031,5744,76,509.62,10.4,5e-05,0.01652679778635502,17324
0.01,79392,1033,5748,76,510.09,10.42,5e-05,0.01379692368209362,17347
0.01,79524,1035,5752,76,513.91,10.54,5e-05,0.02893095836043358,17380
0.01,79616,1036,5756,76,517.39,10.64,5e-05,0.016940956935286522,17403
0.01,79667,1037,5760,76,518.92,10.67,5e-05,0.020998407155275345,17416
0.01,79803,1039,5764,76,518.92,10.67,5e-05,0.013028151355683804,17450
0.01,79851,1040,5768,76,519.9,10.72,5e-05,0.026726631447672844,17462
0.01,79958,1042,5772,76,516.72,10.63,5e-05,0.022663649171590805,17489
